"A1","A10","A11","A12","A13","A14","A15","A16","A17","A18","A19","A2","A20","A21","A22","A23","A24","A25","A26","A27","A28","A29","A3","A30","A31","A32","A33","A34","A35","A36","A37","A38","A39","A4","A40","A41","A42","A43","A44","A45","A46","A47","A48","A49","A5","A50","A51","A52","A53","A54","A6","A7","A8","A9","Top1","Top5","W1","W10","W11","W12","W13","W14","W15","W16","W17","W18","W19","W2","W20","W21","W22","W23","W24","W25","W26","W27","W28","W29","W3","W30","W31","W32","W33","W34","W35","W36","W37","W38","W39","W4","W40","W41","W42","W43","W44","W45","W46","W47","W48","W49","W5","W50","W51","W52","W53","W54","W6","W7","W8","W9"
3,1,6,1,3,7,1,8,2,3,4,2,5,4,1,7,6,1,4,7,5,1,2,1,4,4,1,3,3,3,2,5,4,7,5,6,6,5,3,8,5,8,4,5,2,4,8,2,5,5,7,5,3,5,60.32,84.12,6,2,3,3,1,1,4,1,5,1,5,1,4,6,4,1,1,2,6,1,1,3,5,4,5,2,4,1,1,6,4,3,2,4,5,5,2,6,5,4,5,1,1,1,1,1,1,6,2,5,1,1,1,4
5,2,3,1,3,6,2,8,1,7,8,2,3,4,1,6,4,7,6,6,7,5,7,6,7,7,5,8,7,2,8,6,7,4,8,3,8,6,2,4,3,6,8,7,6,2,4,5,4,6,8,3,5,6,56.55,82.23,3,1,6,3,1,4,1,3,5,2,2,5,6,2,3,7,7,1,3,4,7,3,7,5,2,2,4,2,4,1,6,1,2,4,6,2,3,6,1,3,6,3,5,1,2,1,3,6,3,1,7,4,6,6
2,8,3,2,1,8,6,1,3,8,7,6,7,7,7,1,4,8,5,5,5,2,3,8,1,8,1,6,3,1,7,6,2,7,3,6,2,7,6,2,5,7,6,1,7,6,1,8,4,6,7,6,2,3,60.96,84.83,7,3,4,7,8,6,4,1,5,1,2,6,7,8,3,1,6,6,5,2,1,6,7,8,7,7,1,1,3,3,7,7,6,5,3,7,6,4,6,1,6,1,5,4,8,5,2,1,1,1,5,7,7,5
3,1,1,6,8,3,6,5,5,1,1,7,1,1,2,4,5,6,1,5,1,4,1,3,7,6,3,5,6,3,4,8,2,1,4,5,3,7,1,7,2,4,2,7,4,1,1,6,8,2,8,5,1,1,48.88,75.58,6,6,2,1,4,2,1,1,1,3,1,5,1,2,1,2,6,3,1,1,1,2,1,6,4,3,3,1,1,6,2,4,1,2,1,1,5,1,4,3,5,4,1,5,1,4,1,2,3,5,1,3,3,1
2,8,7,4,7,6,4,5,1,3,6,1,8,4,7,5,4,1,8,3,4,3,3,4,5,2,5,2,5,3,8,7,3,1,4,7,3,8,2,4,3,5,1,7,8,8,8,1,5,4,8,8,1,2,66.53,88.49,4,1,2,6,2,2,1,3,1,7,6,4,5,2,3,3,6,5,1,1,7,3,1,3,7,5,1,1,2,1,4,2,5,6,1,1,4,2,2,3,6,5,2,1,3,4,4,3,1,5,4,1,2,1
3,2,1,2,7,3,7,5,4,2,7,1,7,6,7,3,7,8,3,5,4,2,8,4,8,2,1,5,6,5,7,5,1,1,4,6,6,6,6,5,3,8,5,8,6,7,7,8,3,2,6,8,8,7,66.86,88.98,8,1,1,4,3,2,4,5,2,3,4,4,8,7,5,6,6,5,1,7,8,3,5,7,6,4,7,4,5,1,1,2,7,3,8,4,1,3,1,5,3,1,6,1,1,1,1,1,3,4,3,8,2,2
2,6,6,3,2,6,5,2,2,6,5,5,4,4,4,2,4,8,5,8,8,3,3,7,2,7,2,5,4,3,5,5,5,7,3,7,7,2,6,4,5,1,3,4,6,7,3,3,1,8,2,7,2,7,64.28,86.75,5,4,1,4,1,2,1,1,5,6,3,4,1,4,4,1,2,5,3,5,1,6,4,2,1,7,2,2,3,4,2,5,4,5,5,5,4,1,2,7,2,1,1,4,1,2,4,1,2,5,2,4,1,5
3,3,3,2,4,6,4,1,1,1,6,7,8,6,5,6,5,7,3,5,1,6,1,1,4,8,7,4,8,3,4,2,4,3,7,7,3,3,8,5,5,3,3,8,6,2,2,2,5,8,3,1,2,7,37.05,63.76,1,2,7,7,1,1,1,1,4,4,1,4,4,1,2,4,4,1,1,1,6,3,5,6,2,1,4,3,7,6,7,3,1,6,7,5,1,5,6,2,4,1,3,5,4,2,1,5,3,1,1,7,6,6
4,2,6,7,7,5,4,7,5,6,7,3,5,1,7,4,6,1,2,2,8,1,2,5,3,2,6,5,8,4,6,2,7,8,6,8,4,2,5,1,5,4,1,7,7,1,2,6,8,7,1,6,2,4,46.05,72.52,1,5,1,4,6,4,6,3,6,2,1,1,6,3,1,5,1,5,5,6,5,2,2,1,5,4,4,2,1,1,4,2,1,2,1,2,1,4,1,6,6,1,4,2,6,1,1,4,1,5,1,6,2,1
7,2,3,5,2,1,5,5,4,5,7,4,3,6,7,2,7,4,3,5,2,5,2,5,3,1,1,7,5,4,8,7,8,8,3,1,5,4,7,4,1,7,2,7,8,3,7,1,3,4,3,5,6,6,66.69,88.26,5,2,7,2,3,7,2,3,4,3,8,5,4,1,3,5,1,6,4,2,1,5,4,1,7,1,2,3,4,1,7,4,1,1,7,2,5,1,1,3,7,6,1,1,8,6,1,2,6,3,8,1,6,7
2,7,4,1,3,7,1,6,7,8,5,8,8,5,6,1,2,5,7,5,1,5,7,4,5,3,1,5,4,1,6,2,2,4,2,3,1,5,7,6,5,4,4,7,5,6,8,6,1,5,1,6,7,7,46.11,73.87,2,5,4,3,6,1,3,4,5,1,5,6,1,5,6,6,5,7,4,6,3,5,1,2,1,2,7,5,1,6,1,1,3,1,3,1,5,3,2,1,4,5,6,1,4,3,1,6,2,1,2,1,5,3
3,8,1,5,2,4,2,7,8,2,2,3,2,5,5,5,8,2,4,6,5,2,7,7,2,8,7,4,1,8,1,3,8,5,4,6,8,8,7,3,2,4,4,6,6,5,2,7,1,3,7,4,6,4,67.43,88.9,7,7,2,2,4,4,2,1,7,3,1,5,7,5,1,1,5,4,7,3,5,4,5,6,1,5,2,7,1,2,2,2,1,7,1,1,2,1,5,4,1,1,5,1,7,5,2,6,1,4,5,2,4,5
7,7,8,4,5,1,7,7,8,4,5,2,8,6,7,4,6,6,3,7,2,1,5,6,6,1,6,7,3,5,2,4,3,7,4,4,8,8,4,7,4,7,7,3,2,8,5,6,6,7,7,7,1,7,46.02,71.77,1,2,3,5,1,1,2,1,1,7,7,3,1,3,1,4,6,4,7,5,7,4,1,1,6,5,1,1,7,2,5,1,3,6,6,4,5,1,1,1,1,2,1,7,1,2,5,3,2,4,4,2,6,5
5,2,1,4,1,3,7,3,6,6,5,7,2,7,3,8,5,4,6,5,2,8,7,4,2,4,6,4,8,8,2,3,2,8,6,3,2,4,1,3,8,1,1,2,6,2,7,4,6,3,8,1,7,5,50.99,77,1,2,3,3,5,2,1,3,1,1,6,1,3,1,1,1,1,5,1,2,5,3,1,3,3,6,1,1,6,1,1,1,5,2,5,5,4,5,3,1,1,5,5,6,6,2,3,2,4,3,2,6,5,2
4,3,8,1,7,5,4,3,6,8,5,7,7,1,7,5,1,7,5,5,5,7,7,3,4,3,1,5,5,6,6,6,5,7,1,5,1,1,8,2,4,1,3,6,4,7,3,1,4,4,3,6,4,1,59.07,84.05,8,4,8,2,8,4,5,5,1,3,6,1,2,4,6,8,8,8,1,3,4,3,5,1,3,7,5,5,5,3,3,1,5,8,1,1,5,1,2,7,5,1,3,1,8,5,5,3,1,1,5,1,7,1
5,5,1,8,2,4,5,7,1,3,1,6,4,1,8,7,1,2,5,7,1,1,1,1,8,1,4,3,7,4,3,4,2,3,1,3,5,5,3,5,8,3,7,5,2,2,6,2,2,2,3,5,2,3,49.33,75.05,1,4,2,2,7,2,4,3,3,7,1,7,5,4,2,6,6,3,3,1,1,1,5,6,1,4,6,6,1,3,3,1,5,6,2,3,1,3,1,3,1,2,4,1,6,6,4,6,1,4,1,5,6,1
4,3,3,3,2,6,2,2,2,4,8,3,7,8,8,2,1,5,8,1,6,8,7,6,7,4,4,3,2,8,7,6,4,8,2,6,6,6,2,1,3,1,5,4,8,7,7,2,2,1,3,7,4,3,47.21,73.54,1,1,3,1,1,1,6,3,1,4,4,1,3,3,1,2,2,6,7,5,7,1,4,1,4,7,6,3,6,6,4,1,1,4,3,1,6,5,1,1,1,1,1,6,7,1,1,3,4,6,2,1,1,5
1,5,6,4,3,7,4,7,8,4,1,4,5,6,2,4,4,8,4,4,8,4,2,2,3,8,4,7,7,6,2,8,5,4,1,7,7,3,8,7,1,5,2,6,1,3,4,2,3,4,2,5,7,1,57.37,82.28,4,1,4,7,6,1,3,1,7,4,7,7,4,5,1,1,1,3,1,7,3,7,7,2,5,4,6,7,7,7,2,3,2,8,6,1,7,4,1,7,1,1,1,2,1,3,7,2,2,1,5,7,5,5
5,6,7,7,5,7,2,1,4,8,4,4,2,2,8,7,3,8,3,5,6,1,3,6,3,6,4,2,4,4,8,5,2,4,5,5,4,1,8,1,6,6,5,5,8,3,5,1,4,4,6,2,5,2,65.55,87.36,3,1,2,1,4,5,5,1,1,6,6,5,1,4,5,2,4,3,2,1,6,6,7,1,6,4,5,1,5,6,2,3,6,3,2,1,1,6,6,4,3,1,2,1,4,5,1,4,1,6,1,1,1,5
3,3,5,8,7,4,4,2,3,8,1,2,2,8,4,4,2,7,4,8,3,4,6,3,4,1,3,7,5,3,6,2,8,2,6,2,4,8,7,3,4,5,8,5,6,6,5,4,2,1,1,8,2,4,39.25,66.67,1,1,3,2,6,6,5,1,1,6,3,4,1,1,6,5,2,5,3,4,2,1,4,4,1,2,2,6,1,3,2,4,3,2,5,1,5,6,3,6,1,3,5,5,1,1,1,3,2,1,6,1,1,4
4,8,8,2,5,6,7,3,7,2,6,2,8,7,7,6,1,3,4,1,7,4,6,5,7,2,7,5,7,6,1,3,1,3,8,4,5,8,8,1,1,7,4,1,6,8,6,6,4,3,5,7,1,2,58.92,83.12,7,2,3,1,7,5,1,5,1,7,8,4,2,7,8,1,3,1,1,4,6,1,3,4,1,2,6,5,7,5,6,1,2,1,1,1,1,1,7,3,1,2,1,7,7,4,6,1,1,3,1,8,7,1
8,3,3,8,3,1,2,8,1,8,6,4,4,7,1,4,8,3,6,4,3,8,7,1,2,6,6,1,2,1,1,3,7,6,5,2,6,6,3,4,4,8,5,4,1,5,7,4,7,6,6,6,2,3,57.01,82.34,5,1,7,2,1,7,4,1,6,1,1,1,6,4,1,5,5,4,6,1,1,6,1,1,6,6,4,1,4,7,5,2,3,3,2,2,6,1,7,6,1,3,5,1,2,5,3,1,4,1,1,6,7,1
4,6,2,8,8,8,1,1,8,6,7,2,6,1,4,8,6,5,4,7,1,8,4,5,3,5,1,7,5,7,2,5,3,7,7,6,3,1,2,7,1,8,3,2,2,3,3,8,6,6,4,7,7,2,61.52,84.62,3,1,2,1,2,1,5,7,3,5,1,2,3,7,1,5,2,3,2,1,2,2,1,1,4,1,5,2,1,5,1,6,4,3,1,1,3,5,1,1,6,1,6,6,7,1,4,1,5,6,1,1,4,3
8,5,8,1,8,2,5,8,1,8,4,8,7,2,3,4,5,6,1,2,6,6,5,5,1,7,8,8,7,8,7,6,2,1,4,4,2,1,7,3,1,8,1,8,5,6,4,5,7,3,1,7,4,3,72.92,91.57,4,1,1,3,3,1,7,4,4,4,5,4,1,7,7,4,6,6,5,3,4,6,4,7,7,4,2,6,2,4,1,7,2,1,6,1,1,1,4,3,1,3,1,3,6,2,6,1,1,6,3,6,1,4
7,2,7,4,1,7,5,8,2,3,6,1,5,2,7,3,7,2,2,6,2,4,3,4,4,2,2,3,4,4,8,2,1,2,4,1,3,3,4,3,2,1,2,5,1,5,6,8,7,6,6,2,5,4,61.13,85.94,4,5,4,6,3,2,4,7,4,4,4,2,1,6,6,4,2,6,4,3,5,6,5,7,2,2,4,5,2,3,3,5,1,1,1,5,1,1,4,1,3,5,1,6,4,6,1,2,4,1,3,1,5,6
4,6,1,2,4,6,1,8,5,2,3,2,5,1,8,4,6,7,1,5,3,7,6,3,4,7,2,4,5,8,7,3,1,7,5,8,4,7,7,4,8,6,7,8,3,2,7,2,8,3,5,4,1,7,67.93,89.27,4,5,3,1,5,4,4,3,1,3,5,5,4,4,1,1,6,2,1,2,3,4,2,4,1,2,1,7,2,1,7,6,4,1,6,6,1,2,5,2,6,2,1,6,3,6,2,4,1,2,3,2,1,2
7,1,7,6,8,2,7,4,7,1,1,2,2,5,5,6,5,2,3,1,2,6,8,5,2,1,8,8,6,3,2,6,4,6,7,4,5,2,8,8,5,2,7,1,4,6,7,1,8,7,6,8,7,2,63.93,86.26,5,1,1,1,5,1,6,5,5,1,1,6,3,6,1,2,4,3,1,1,4,4,5,1,1,5,3,2,1,6,1,1,1,1,4,1,1,6,4,5,4,3,1,6,6,3,4,2,1,3,1,1,2,2
2,7,8,6,7,1,1,1,7,4,2,8,5,6,1,4,6,2,4,6,2,5,3,7,8,1,1,3,3,3,3,1,1,4,6,6,8,8,2,1,5,4,4,3,2,5,2,3,2,8,6,2,2,4,41.55,68.86,1,6,3,1,5,2,3,4,1,5,1,6,1,2,2,7,2,7,7,1,4,6,6,7,7,5,5,1,3,4,5,1,4,1,5,1,5,6,1,4,6,1,5,3,1,2,1,1,6,1,1,1,4,3
1,7,5,1,3,7,2,1,4,4,5,7,7,7,8,4,2,8,3,1,5,3,2,1,6,4,8,5,2,8,8,4,6,2,5,5,5,1,7,4,3,4,6,5,1,2,2,1,7,7,6,4,6,2,58.25,82.71,5,3,4,7,2,2,3,7,7,2,5,7,4,1,6,1,7,1,1,2,7,1,2,5,5,2,6,2,1,1,4,4,1,1,1,1,1,1,1,1,1,3,5,5,4,2,1,6,2,5,7,1,4,2
4,3,4,6,7,8,4,1,4,7,7,3,5,8,8,5,2,7,5,4,1,8,1,8,7,1,2,4,1,4,3,8,3,4,2,3,2,7,8,5,6,3,1,8,3,3,5,2,3,1,2,4,8,8,50.04,77.03,7,6,6,2,7,2,1,2,7,5,2,4,1,2,3,2,5,1,8,8,1,5,6,1,8,2,4,3,1,1,4,3,3,6,2,1,3,4,1,6,1,2,1,5,7,2,1,4,5,1,4,5,7,8
1,6,6,2,6,6,6,8,3,8,3,7,1,4,1,3,8,6,8,4,5,5,5,3,6,1,7,3,1,5,5,6,3,3,5,4,3,5,5,8,4,3,5,6,5,8,5,2,1,1,2,5,2,4,44.03,71.18,2,2,1,3,1,6,3,3,2,1,1,1,1,2,1,2,1,1,3,1,6,1,2,1,3,5,3,2,3,6,1,4,3,1,4,2,5,1,2,1,6,6,3,5,4,1,1,5,1,1,1,6,2,4
2,1,6,1,5,7,5,6,1,4,4,4,8,1,2,6,1,4,6,6,5,1,8,1,2,4,7,6,5,7,7,2,5,6,5,8,3,4,8,1,6,2,6,1,8,2,8,6,3,7,7,8,7,5,62.9,85.92,3,3,3,7,7,1,1,1,6,3,7,4,3,5,3,1,1,5,1,2,7,3,1,1,5,2,1,3,5,5,3,5,1,2,1,1,1,6,6,5,1,5,6,1,1,1,3,1,3,6,4,2,1,5
1,1,7,6,1,6,5,5,7,8,6,5,2,7,8,8,2,7,1,5,2,5,3,8,1,7,8,1,6,4,7,8,1,6,3,3,2,1,2,5,7,1,8,8,1,5,1,4,6,8,6,6,3,8,58.24,83.53,1,1,5,7,2,1,7,4,1,5,3,5,6,6,3,1,2,6,6,4,2,7,7,2,4,7,2,5,7,1,2,2,6,2,6,7,1,6,1,2,3,1,5,2,4,2,6,6,1,2,6,5,5,3
1,8,3,4,6,7,7,4,2,1,5,5,2,5,5,7,4,2,8,7,3,5,1,5,5,4,1,2,8,5,1,4,4,3,1,8,3,6,4,1,5,2,6,1,4,5,3,4,7,2,5,1,7,6,56.04,81.59,6,6,6,6,4,3,3,3,1,2,5,1,1,7,3,2,5,2,5,1,1,2,7,1,4,1,1,1,5,6,1,6,6,5,7,4,3,2,1,4,6,1,1,3,4,2,4,6,5,1,1,2,3,1
4,8,8,5,1,8,8,8,7,1,1,5,4,2,7,7,3,8,7,5,3,5,1,4,6,8,4,3,4,1,7,5,4,3,3,3,4,6,8,8,2,3,6,4,4,7,4,1,4,5,4,4,6,1,64.84,87.59,4,6,3,2,5,3,4,5,6,7,7,4,7,2,4,6,1,1,2,1,5,5,1,1,7,4,1,7,5,7,7,7,6,1,5,1,2,4,5,1,1,1,2,6,5,6,2,2,4,2,7,1,4,7
2,6,2,6,1,4,5,5,8,7,7,2,8,6,8,6,7,6,4,2,8,6,4,1,4,8,5,2,4,1,1,6,8,1,1,3,4,8,4,6,4,7,7,8,1,7,7,5,2,2,8,1,7,7,72.51,91.76,8,2,5,5,8,8,3,3,7,3,7,3,2,5,3,8,1,6,7,4,5,6,4,7,2,1,4,6,7,8,7,6,5,5,8,7,5,4,6,1,2,2,2,1,8,4,2,1,5,2,5,5,8,7
2,7,4,2,6,6,4,2,5,2,4,4,8,2,4,2,5,2,2,5,5,6,3,5,8,2,3,6,2,6,8,2,6,2,7,8,6,2,3,4,7,1,4,7,5,7,8,8,3,2,4,3,2,3,69.46,90.22,5,2,4,1,4,7,1,5,8,7,6,6,7,2,6,1,7,3,6,4,4,1,4,1,2,2,3,1,6,4,1,6,4,3,1,1,4,1,3,5,2,6,1,1,8,1,6,1,5,3,4,7,4,7
8,6,7,8,1,5,6,3,8,5,8,4,6,1,5,3,6,3,5,8,1,7,1,2,6,8,6,5,4,6,8,7,4,3,3,3,4,7,8,8,7,1,6,3,6,3,3,8,2,2,3,8,5,6,71.73,91.41,3,2,1,2,3,5,5,7,6,7,3,1,6,6,2,3,3,5,5,2,3,1,3,7,5,1,6,1,2,3,1,3,1,5,4,2,1,7,1,5,6,3,2,1,7,1,2,3,2,4,1,4,7,5
6,7,2,5,7,5,4,8,1,1,2,7,1,1,3,4,8,2,7,5,8,5,6,5,6,7,6,4,7,4,6,8,2,7,7,1,3,6,1,7,5,3,6,7,6,1,4,2,4,3,4,1,3,6,54.44,81.02,5,3,2,6,6,1,1,1,6,6,1,3,1,3,1,5,4,2,1,4,5,2,1,5,1,6,1,6,6,5,3,3,2,2,2,5,6,1,1,1,3,5,4,3,6,5,1,5,3,1,4,1,1,5
3,8,3,1,6,7,8,2,1,6,4,1,3,7,1,1,7,5,5,8,4,5,4,7,6,8,7,8,7,4,3,4,3,6,8,2,7,3,7,5,3,1,7,1,8,8,2,2,8,3,7,8,8,5,63.47,87.02,4,2,7,7,6,7,4,4,5,4,7,3,1,6,1,1,6,2,7,5,7,2,1,6,4,4,4,3,3,7,3,1,2,6,6,1,1,1,5,2,2,1,1,5,7,4,5,4,1,1,6,6,2,5
7,8,6,3,7,2,6,7,6,2,3,5,4,2,4,4,7,8,3,5,5,6,2,2,1,8,8,7,3,5,8,3,5,3,2,1,8,3,6,3,7,1,1,3,8,2,6,5,5,2,5,8,7,5,71.12,91.28,6,5,7,5,1,5,5,6,2,4,7,3,1,4,2,5,4,5,7,6,3,5,3,3,1,2,5,4,2,7,3,4,4,5,5,6,4,2,6,1,5,5,1,1,1,6,3,2,3,2,1,6,4,1
8,2,8,4,6,2,7,3,3,8,1,2,6,5,7,4,2,2,6,7,3,8,4,8,6,5,8,5,6,1,7,7,7,8,6,7,2,8,2,5,1,1,1,7,8,1,2,4,6,1,6,5,3,5,52.72,78.6,1,2,6,2,4,4,6,1,2,6,1,2,6,3,4,3,1,2,5,6,3,1,3,6,5,4,1,1,6,2,3,4,3,1,5,1,2,6,1,3,3,1,6,5,3,4,1,1,2,5,5,1,4,2
8,6,7,1,3,6,8,2,4,6,3,2,2,6,3,1,3,4,8,7,5,4,5,5,4,2,8,3,7,2,4,7,2,4,4,7,4,5,5,1,8,2,1,2,8,2,2,1,7,8,4,3,8,7,58.69,82.68,6,1,6,1,6,1,5,3,3,1,6,1,2,4,4,6,6,1,4,1,1,1,2,3,5,5,4,6,5,3,2,1,5,1,1,4,1,1,1,2,6,4,3,6,6,4,4,1,1,3,1,1,6,3
8,3,1,1,3,2,5,8,4,1,7,4,5,8,3,4,7,5,8,3,1,1,4,7,1,1,4,2,6,4,2,8,8,8,7,5,2,3,8,8,3,5,7,4,2,8,7,6,3,7,2,6,4,2,66.21,88.54,7,1,6,6,2,5,1,1,6,1,3,1,3,3,6,1,5,1,4,1,4,7,6,6,2,6,1,2,7,4,5,5,1,6,4,2,3,1,2,1,6,1,2,5,4,5,6,4,1,2,1,6,1,5
8,3,1,2,7,8,4,4,8,2,2,7,1,5,5,3,1,4,5,5,5,8,8,3,1,2,1,6,3,5,6,4,3,2,4,1,5,3,5,1,1,6,6,2,1,2,7,6,3,5,8,1,4,6,63.11,86.53,4,7,2,6,1,4,7,2,7,2,5,2,1,3,6,2,2,1,1,1,3,3,1,3,5,4,6,3,5,5,5,2,5,5,2,3,2,4,2,4,3,6,4,3,3,2,3,2,2,1,1,6,4,4
4,6,3,5,1,4,5,4,8,7,5,5,2,8,7,2,7,6,3,8,4,3,7,5,4,4,8,1,5,8,6,1,6,6,8,1,1,1,2,1,5,1,1,6,8,5,5,8,1,2,1,6,8,5,51.74,77.8,1,7,3,4,3,7,4,5,1,1,4,2,7,3,6,3,7,1,4,2,5,4,5,1,2,3,1,3,1,3,1,5,6,1,1,6,3,3,1,5,5,1,6,1,7,5,1,6,1,2,2,5,5,4
7,2,1,5,2,1,5,1,3,6,8,1,7,1,8,1,2,3,8,5,1,6,1,8,3,7,1,1,5,4,1,5,8,4,5,2,7,6,6,7,5,2,3,7,1,8,1,6,5,4,6,1,4,4,45.82,72.4,1,7,2,1,1,2,4,2,4,6,4,1,1,6,2,5,7,1,4,4,4,7,3,4,2,6,3,1,4,6,3,1,1,2,4,1,1,1,2,1,5,1,6,5,1,2,1,1,6,6,3,2,1,1
4,4,4,4,6,7,3,2,6,2,6,1,5,4,1,4,3,1,6,2,8,2,3,4,6,8,1,2,2,1,5,7,5,3,1,7,7,8,8,3,1,3,8,3,6,4,4,4,1,1,1,4,8,6,63.93,86.91,4,3,6,6,5,6,2,2,3,4,5,1,1,1,5,3,6,1,1,5,5,4,6,2,4,5,1,2,3,1,4,2,1,3,5,1,1,1,6,2,2,5,1,5,1,2,2,4,1,5,2,1,6,5
1,5,4,5,6,1,5,2,5,3,4,2,5,2,8,1,6,8,1,4,5,7,4,4,4,7,1,6,5,6,5,2,7,4,5,3,3,6,1,1,8,2,3,1,4,5,1,1,6,6,5,2,1,5,70.14,89.82,5,5,4,4,7,5,1,4,7,4,4,7,2,7,5,2,2,1,1,1,4,6,3,7,4,3,1,7,1,1,5,3,3,1,3,3,3,1,7,5,2,1,5,1,3,1,4,3,1,6,6,7,6,5
6,1,2,4,5,5,2,7,4,8,7,7,8,4,1,8,8,4,5,8,4,2,1,7,4,2,1,7,8,4,2,3,6,7,8,5,2,6,3,2,3,1,7,7,7,2,6,8,2,3,3,1,6,2,45.88,73.34,1,7,3,2,8,7,1,4,7,3,4,4,7,7,8,5,3,1,5,4,5,3,8,7,3,5,2,7,2,7,6,1,6,6,1,7,2,1,3,1,2,2,6,7,7,3,1,1,2,1,1,1,5,1
2,6,4,8,6,6,1,1,5,4,6,2,8,2,6,4,5,1,2,7,8,5,2,5,3,3,3,4,2,2,4,5,4,2,6,1,1,8,4,1,4,4,5,3,2,8,2,3,4,7,8,3,2,4,69.65,90.1,4,7,3,6,1,5,6,3,5,2,1,1,1,5,6,4,2,3,1,2,2,3,5,2,7,4,3,3,2,6,4,3,4,1,4,6,4,6,6,1,5,6,3,1,2,1,1,3,3,5,6,1,2,1
4,4,2,3,2,8,8,1,5,6,8,6,1,3,4,7,7,2,7,3,6,6,8,2,2,7,8,3,4,4,6,5,8,5,6,7,5,5,2,7,4,7,5,4,2,2,3,2,6,1,7,8,1,3,61.38,84.72,6,1,1,4,3,1,5,3,1,3,4,4,4,1,6,3,1,5,1,1,6,1,5,3,1,6,1,5,1,4,2,1,4,2,3,4,3,1,1,3,4,5,1,5,5,1,4,1,4,4,1,1,5,6
5,2,2,5,5,4,2,8,5,8,1,1,2,3,2,4,1,6,8,8,7,8,6,5,4,4,6,6,5,3,7,3,3,2,6,6,1,5,5,5,4,1,6,6,1,4,7,6,2,2,3,8,5,1,72.48,91.74,6,4,2,6,7,5,7,6,3,3,6,1,3,3,4,6,5,3,1,4,2,4,8,1,7,7,4,1,3,2,1,1,5,7,6,3,3,7,3,5,4,1,2,5,7,4,2,3,1,2,1,1,8,8
1,8,8,1,1,8,4,6,7,4,2,3,4,6,7,1,3,1,5,7,4,5,5,6,8,4,4,5,8,5,7,1,3,7,2,1,6,3,1,1,8,1,5,5,4,7,8,5,3,1,6,8,1,6,58.97,83.12,5,4,1,1,2,1,1,5,1,4,3,1,2,1,2,1,2,3,1,3,2,3,4,1,1,1,6,1,6,2,4,5,4,4,1,2,1,6,1,6,1,5,2,5,6,1,4,1,3,4,1,2,2,1
7,7,1,2,5,4,4,3,4,4,2,5,4,3,1,4,6,2,4,2,2,1,1,8,4,7,7,2,1,2,7,2,8,5,1,5,3,7,3,3,4,6,5,8,8,5,2,5,6,2,3,3,7,7,71.56,91.27,3,1,2,5,8,6,3,4,8,1,6,7,6,2,8,7,8,5,1,2,3,3,7,5,1,4,4,2,2,3,6,6,6,5,2,4,8,7,2,1,3,2,7,1,3,3,1,1,7,5,2,7,4,2
6,8,6,6,7,7,1,2,4,7,2,4,5,6,8,6,1,1,4,4,1,5,4,2,2,7,5,4,4,4,5,1,1,4,4,3,8,7,7,7,4,5,7,3,7,4,2,3,6,3,1,4,2,3,41.49,68.97,1,5,6,1,3,6,7,2,6,6,6,3,1,2,5,1,4,6,2,1,1,7,8,1,2,2,6,1,2,2,5,1,3,4,4,4,4,1,7,4,2,6,1,1,5,2,3,7,1,1,6,2,3,7
5,8,4,2,2,3,1,5,3,7,3,3,7,1,2,5,8,8,6,8,5,1,8,6,1,5,6,1,7,7,2,8,6,8,6,8,3,8,2,1,2,4,7,1,5,7,2,7,1,7,7,8,8,4,60.17,84.96,3,8,7,8,6,7,6,5,8,8,4,1,7,7,8,6,5,3,8,5,7,3,1,4,7,3,6,1,4,1,1,1,2,6,2,2,5,2,3,3,2,2,1,2,3,3,1,1,6,1,4,8,3,1
3,7,4,8,6,1,6,2,2,4,6,1,8,6,7,6,7,2,3,6,3,4,7,5,2,1,6,5,6,4,2,1,4,4,2,3,3,6,6,1,2,7,6,3,5,5,4,2,8,7,3,8,5,8,39.74,67.3,1,4,5,1,1,5,6,5,4,8,7,2,4,8,7,2,1,1,5,2,2,8,1,6,2,6,4,7,8,7,6,7,5,7,3,3,1,1,6,1,3,4,1,6,1,1,2,1,4,1,7,5,7,1
6,3,2,3,6,2,7,1,4,6,2,4,6,3,1,7,1,5,1,1,7,6,1,8,4,5,2,6,8,5,2,6,8,3,7,4,8,8,4,5,5,1,1,1,1,7,6,4,8,7,6,4,3,5,44.21,70.74,1,3,4,5,2,4,5,7,4,1,2,6,1,6,1,2,3,1,7,1,6,3,3,4,6,2,5,1,5,2,5,3,7,1,3,3,2,1,3,5,1,1,1,1,3,6,4,5,4,1,7,3,4,7
7,7,2,3,6,1,6,2,6,6,7,2,5,7,2,8,4,4,6,6,1,7,6,6,2,4,7,6,4,8,4,3,3,6,3,6,6,2,1,8,5,8,1,7,3,8,6,2,2,6,1,4,2,5,67.83,89.12,2,2,6,1,3,7,2,5,5,3,1,7,5,1,5,7,3,2,1,7,6,5,4,1,7,1,7,5,1,2,7,4,4,3,2,2,4,2,3,3,6,1,7,1,4,1,6,1,6,3,5,5,5,3
1,7,3,3,3,2,6,3,1,3,3,7,4,4,1,4,7,6,4,4,3,7,3,4,5,5,5,7,2,2,5,7,7,2,7,6,5,6,6,5,4,4,7,3,4,8,3,5,1,4,3,1,8,8,72.26,91.51,3,6,5,3,2,4,4,5,4,5,2,6,7,1,5,6,1,1,6,7,6,3,7,2,7,4,4,7,4,2,1,6,4,2,2,6,1,6,3,4,7,1,1,1,3,6,2,1,6,3,6,3,6,4
1,4,2,1,2,5,6,2,8,7,1,1,8,3,3,3,8,2,3,2,2,4,4,8,3,7,4,3,3,1,4,8,2,5,3,8,6,3,2,6,6,6,2,3,3,8,2,8,1,5,7,4,3,8,54.9,80.95,2,6,2,1,6,7,1,1,1,7,2,2,6,4,7,1,1,5,1,1,3,2,7,6,4,6,4,3,2,1,2,3,5,4,2,6,3,5,6,3,2,6,1,3,5,6,5,1,4,1,1,1,1,3
7,5,6,3,4,2,3,4,4,2,5,6,6,1,2,2,7,4,1,5,2,8,1,3,1,7,3,4,8,6,5,3,3,7,3,3,4,8,5,1,7,6,3,5,6,1,2,5,6,5,7,2,2,3,63.57,86.7,6,3,1,6,7,1,1,3,6,6,3,3,3,4,4,4,5,4,1,1,1,5,4,7,3,3,4,4,5,6,5,6,5,4,2,2,1,2,1,4,1,1,6,4,4,1,4,1,3,5,6,1,3,1
2,3,5,2,5,5,5,4,4,7,4,4,7,1,5,3,5,7,5,2,4,4,4,3,3,5,1,8,6,2,1,7,5,8,1,6,2,5,4,6,5,1,3,7,4,6,4,4,7,7,7,4,3,7,53.24,79.81,8,4,1,4,5,4,2,1,1,3,1,1,3,5,6,4,4,5,6,6,1,5,8,3,1,5,4,1,1,6,1,1,1,6,7,3,4,1,1,6,3,1,2,5,5,6,7,1,1,1,5,4,5,3
5,7,4,3,5,4,2,4,1,6,6,1,5,5,8,1,8,3,8,3,5,6,3,7,2,3,5,1,6,7,1,6,8,4,8,8,5,7,1,3,8,8,1,6,1,6,2,2,3,8,7,2,1,5,63.95,87.33,3,3,8,1,3,7,8,6,1,6,7,2,6,4,1,8,2,5,1,3,1,8,2,3,5,5,8,4,8,7,8,2,6,3,4,1,3,6,2,1,4,1,2,4,1,3,7,2,4,1,7,8,5,7
3,4,5,1,1,1,4,2,8,5,5,3,4,4,6,6,5,1,5,7,7,5,7,7,6,5,1,3,2,2,4,4,5,5,2,2,5,7,1,7,3,5,6,3,6,7,8,2,5,1,7,1,6,7,52.39,79.22,2,3,1,4,6,3,1,5,2,1,5,1,1,6,6,2,1,3,6,2,2,2,1,3,3,3,2,3,2,6,1,4,1,2,1,2,3,6,4,4,1,5,2,4,6,3,1,5,1,1,1,1,4,3
7,2,4,5,1,2,4,5,3,7,8,8,8,6,6,2,5,4,5,4,3,5,6,6,5,3,2,3,5,2,7,7,1,2,3,7,1,3,7,1,2,7,6,4,8,1,4,8,8,2,5,4,3,5,62.17,85.97,7,5,7,8,5,3,3,5,5,8,1,2,5,7,1,5,3,6,5,1,5,4,5,3,6,1,3,5,3,6,1,3,2,6,5,4,3,1,5,1,5,2,6,5,6,5,6,1,1,1,8,7,7,7
1,3,8,2,3,2,1,3,3,6,1,5,8,4,4,6,2,6,8,3,2,7,6,2,5,1,6,1,2,1,3,5,2,5,2,7,1,7,6,5,4,2,7,8,1,4,6,6,6,8,2,5,3,4,71.04,90.88,5,5,2,7,7,7,2,8,4,5,8,1,7,4,4,7,8,6,4,4,1,1,6,8,8,3,2,5,4,7,6,1,4,6,3,1,5,2,3,1,6,1,6,1,5,3,1,1,4,6,6,6,4,1
5,1,2,5,6,6,8,6,3,6,6,7,5,5,6,7,8,1,6,7,1,8,5,7,2,8,2,4,5,4,8,8,6,2,4,4,5,6,5,8,4,2,2,3,5,8,1,3,5,2,8,7,5,7,63.7,85.74,1,2,6,8,3,3,4,5,6,5,7,3,7,3,5,7,3,2,6,5,7,1,3,2,1,3,1,5,7,8,1,4,2,3,5,7,1,7,3,3,2,1,1,3,8,3,7,1,4,4,5,6,7,1
7,3,8,3,7,8,7,6,8,4,4,4,4,7,2,8,5,5,3,8,8,4,2,6,6,4,6,4,6,3,2,1,7,6,7,8,3,6,3,8,3,7,8,4,2,5,7,6,5,7,6,3,3,8,51.65,77.11,1,3,5,5,4,6,3,1,7,1,3,4,1,2,6,1,7,5,6,4,3,6,5,1,1,5,5,4,4,2,1,4,5,2,3,1,3,3,4,5,5,2,2,4,1,1,3,3,3,1,5,1,2,7
8,4,6,7,8,6,5,1,7,1,8,7,2,8,4,4,7,3,7,1,1,7,3,7,6,4,6,8,3,2,1,8,7,3,3,5,8,8,6,4,6,1,8,5,6,5,1,1,7,3,1,4,2,4,46.86,73.4,1,1,2,1,6,2,5,7,5,3,1,6,6,7,2,6,1,7,6,7,6,6,1,1,1,1,4,7,1,1,7,3,2,6,5,1,3,2,6,4,4,1,4,4,1,1,1,5,2,1,1,5,4,1
3,3,5,3,1,5,5,5,2,8,3,3,7,6,8,2,4,2,4,2,3,5,3,1,1,8,3,8,4,3,8,7,8,5,8,8,8,5,8,3,3,1,1,5,8,8,8,2,5,5,4,8,4,5,50.33,77.43,2,7,1,3,7,6,3,1,1,6,6,6,1,6,5,2,4,1,2,1,2,4,4,1,7,7,5,1,1,7,1,2,2,4,4,2,1,6,3,1,1,7,3,4,2,4,3,5,1,1,1,2,1,2
5,6,1,8,6,6,4,1,6,1,2,3,2,2,1,4,3,3,5,2,6,6,5,3,6,7,5,6,4,2,1,5,6,5,6,7,3,7,2,2,6,4,2,4,2,6,5,7,2,3,1,5,8,1,58.08,84.01,6,2,7,5,3,7,1,1,6,6,3,2,7,1,2,2,6,1,7,4,2,7,3,6,4,1,2,1,4,1,1,5,2,2,3,1,7,7,6,5,5,1,1,4,2,1,3,4,1,1,6,2,6,1
4,2,5,1,7,1,7,3,2,2,4,4,8,6,4,6,1,8,6,6,2,8,1,4,2,4,5,7,3,8,2,4,4,8,3,5,3,1,3,5,3,7,3,2,6,5,7,2,6,8,2,3,7,1,49.53,76.25,1,2,5,3,2,3,2,6,1,1,1,1,5,1,1,6,2,6,3,5,6,1,3,3,6,3,1,5,4,4,1,4,3,3,1,5,1,6,5,4,4,5,1,4,2,3,1,3,3,1,4,4,3,3
1,5,4,6,4,5,8,5,5,6,4,1,1,8,2,6,6,5,6,8,1,5,3,8,4,1,1,7,8,2,7,5,2,7,4,4,7,1,7,4,1,5,7,4,1,2,2,4,5,3,6,7,1,3,65.74,87.79,3,7,8,5,8,2,5,2,2,8,5,7,1,2,5,6,7,5,2,3,3,1,8,7,1,5,4,1,6,2,1,3,5,5,6,2,1,6,4,4,4,2,2,3,3,1,4,4,5,1,8,2,2,1
8,5,8,4,8,1,2,1,3,2,5,8,7,5,4,7,5,3,6,3,5,2,1,3,7,5,3,1,8,1,8,5,1,7,4,7,6,2,5,2,6,3,4,3,6,2,7,7,5,3,7,7,1,3,58.47,83.24,3,1,5,3,3,1,6,1,1,6,1,3,1,4,4,3,2,2,1,3,7,7,7,7,5,5,2,2,6,2,3,1,2,3,3,3,1,2,2,1,1,6,1,1,7,6,1,5,1,6,5,6,1,1
6,2,6,5,1,3,5,8,4,3,1,5,5,3,5,5,8,3,1,4,6,3,6,7,5,5,6,8,5,6,5,5,2,5,5,7,5,3,1,7,4,1,4,8,5,1,1,1,4,1,1,7,8,2,40.49,66.39,1,5,1,1,5,1,1,4,5,3,1,4,1,1,6,1,4,1,1,1,2,3,1,1,1,1,1,1,2,4,2,6,5,1,4,2,6,1,4,6,1,3,2,4,4,4,3,5,1,2,1,2,3,1
7,4,7,5,8,6,6,3,6,4,6,4,5,8,6,3,6,8,1,7,1,1,6,7,2,2,3,7,8,6,4,1,2,8,5,2,4,8,6,4,5,5,5,6,1,2,4,8,6,5,4,3,8,2,49.37,75.22,1,1,7,2,5,1,6,5,1,7,1,1,5,7,4,4,1,2,7,1,1,4,1,1,1,7,4,5,2,7,7,7,6,1,2,1,6,1,6,1,5,2,6,3,1,3,2,1,5,3,1,1,5,4
7,1,6,7,4,6,7,3,5,7,4,5,7,1,6,1,2,3,2,3,8,5,7,2,4,7,5,1,7,2,6,3,4,2,4,2,1,2,7,2,2,1,3,4,7,8,6,8,8,3,7,8,1,5,55.1,80.15,1,6,3,3,2,1,7,7,5,3,1,6,1,1,1,3,7,4,2,7,1,2,1,3,6,7,1,7,1,4,2,2,5,1,6,3,5,5,4,7,1,1,4,3,1,3,1,1,1,5,3,3,1,1
4,1,7,5,7,2,5,6,6,5,4,6,2,4,1,7,1,6,1,5,1,5,3,8,3,5,5,6,6,4,1,5,2,3,2,3,5,1,1,8,4,7,7,5,2,8,6,3,1,5,2,4,8,8,53.17,79.4,7,6,2,1,1,5,2,5,7,7,2,5,2,2,7,1,2,1,4,4,1,6,1,4,1,5,6,5,1,3,1,1,6,3,4,5,1,1,1,1,4,4,5,4,2,4,6,2,5,1,1,6,7,2
2,2,5,6,3,5,1,6,7,5,7,5,4,1,4,2,2,4,8,1,2,8,6,5,3,4,3,1,3,4,6,4,2,5,8,4,6,4,2,4,3,8,2,4,5,1,7,1,4,3,1,7,6,7,51.65,77.74,4,3,1,4,4,3,7,4,1,3,1,3,1,1,1,2,4,7,7,5,3,1,7,4,1,2,3,4,1,3,1,7,1,1,5,1,7,2,1,5,1,5,1,1,1,1,5,5,4,1,7,3,3,5
4,5,4,3,1,2,2,6,8,4,4,8,7,3,7,5,1,4,4,8,4,3,4,5,6,1,7,6,5,5,3,8,3,3,2,5,3,6,4,5,1,5,1,1,2,5,2,7,7,5,6,2,6,7,62.77,85.76,2,4,5,5,6,4,1,7,1,5,1,4,1,1,5,3,1,2,3,6,1,2,2,3,5,3,5,4,4,6,1,1,1,6,1,6,2,6,5,4,5,6,1,2,1,4,3,1,1,4,1,3,4,4
6,2,4,1,5,7,1,6,2,3,7,6,6,5,2,1,2,8,2,1,4,7,6,5,5,4,5,8,7,3,2,7,1,6,7,8,3,7,2,6,4,8,8,4,1,6,5,1,6,1,6,8,5,6,62.01,84.99,3,1,2,1,4,5,1,6,5,6,1,5,5,2,1,4,3,1,6,6,1,5,1,1,6,1,2,6,3,5,1,2,4,4,5,1,5,1,6,4,2,1,5,1,6,1,2,5,1,5,5,6,1,3
7,1,2,3,3,8,5,8,6,3,5,3,7,2,5,5,4,1,2,5,3,6,3,5,1,4,4,4,5,1,4,8,3,3,6,4,8,8,8,3,1,1,7,3,1,8,7,7,7,6,7,4,2,2,61.3,84.82,4,6,5,1,1,1,1,1,5,7,5,3,7,7,6,6,1,1,1,6,7,1,1,4,7,2,1,5,5,5,5,7,1,2,1,6,7,7,3,4,1,1,6,1,6,1,1,5,2,4,4,7,1,1
6,6,6,5,5,2,2,1,1,3,2,2,7,3,6,8,8,5,8,2,2,4,8,5,8,5,3,2,5,7,3,8,3,7,6,7,2,3,7,8,2,4,1,1,3,7,4,2,2,5,3,8,3,3,62.14,85.44,3,1,6,1,1,4,6,2,3,1,1,6,5,3,6,2,1,3,3,6,1,3,1,6,1,4,1,4,1,3,3,5,3,5,1,5,1,1,1,1,4,5,5,4,4,3,1,5,3,3,2,2,2,5
3,3,7,7,1,7,7,1,5,6,8,4,7,6,8,4,7,8,7,1,1,7,5,7,4,5,8,2,8,8,5,1,7,1,7,6,3,4,5,1,8,8,4,7,6,4,8,3,7,7,4,6,2,8,69.59,89.92,5,6,3,1,6,1,5,5,1,4,4,3,6,1,1,2,1,6,4,4,6,3,5,5,4,5,3,2,1,2,5,3,5,2,5,2,1,6,3,5,1,2,2,1,3,2,3,4,1,5,6,1,5,5
6,3,8,3,6,4,1,5,7,2,1,2,7,3,8,2,8,7,3,1,8,1,1,5,6,7,8,6,1,3,4,2,5,3,4,3,6,3,5,6,5,8,8,4,4,4,5,5,7,8,5,4,6,1,41.77,70.15,1,5,2,6,3,1,3,5,1,1,3,4,3,2,2,1,3,4,5,1,1,2,2,3,1,4,1,5,3,4,4,3,4,1,2,4,6,1,6,4,3,5,1,4,1,4,1,4,1,1,1,3,5,5
8,6,6,5,7,3,8,1,3,4,7,6,2,5,1,4,2,3,2,4,6,1,2,6,5,8,8,8,5,8,8,5,6,2,6,4,1,1,4,3,8,3,1,5,1,2,4,8,8,4,3,8,8,1,70.15,90.43,4,1,2,2,5,7,5,1,2,3,2,6,4,1,4,8,2,6,8,4,2,4,4,4,6,5,1,4,5,7,7,1,7,8,1,1,1,4,1,3,1,2,1,3,5,3,6,2,5,3,1,7,1,5
2,2,8,5,5,2,8,8,1,4,5,1,8,2,1,7,2,4,8,2,8,8,7,8,8,7,7,4,2,3,1,2,6,4,4,7,6,8,5,7,5,5,7,3,1,4,3,8,7,7,7,5,1,6,61.38,84.99,1,7,8,7,7,4,4,8,4,1,3,4,4,3,5,5,3,8,3,6,1,7,8,5,1,1,3,1,1,2,5,1,6,3,1,7,2,4,2,2,6,1,1,2,4,5,6,6,2,2,4,1,8,6
7,8,6,5,8,6,2,2,5,2,6,4,3,4,7,1,7,6,7,1,6,5,2,4,3,1,2,3,6,2,6,8,8,7,7,6,2,8,3,7,3,8,7,3,2,2,6,4,6,3,4,6,4,2,65.51,87.94,4,3,6,1,5,2,4,7,7,6,2,1,1,2,2,3,1,5,3,6,2,2,1,2,4,5,2,7,4,7,5,4,1,2,1,5,3,2,1,3,1,3,6,1,3,3,6,6,1,2,3,6,1,5
4,1,7,5,4,1,3,8,4,1,1,6,7,3,3,8,4,7,8,3,1,8,2,3,5,3,8,1,4,2,5,3,7,1,7,8,2,6,5,8,4,3,3,1,6,8,4,5,2,5,1,4,2,8,58.13,82.46,6,6,3,7,7,1,1,1,1,3,1,1,6,3,1,1,6,2,4,1,1,4,4,4,1,2,3,5,2,4,7,2,1,2,1,1,1,3,1,1,4,7,2,4,1,1,1,2,4,6,6,7,5,6
6,7,5,2,6,1,6,5,5,2,7,4,7,3,1,2,5,5,3,5,1,3,1,6,4,8,3,7,1,6,6,5,2,5,8,4,7,5,1,7,7,4,2,2,2,3,5,2,3,2,8,5,8,8,58.75,83.09,3,1,1,4,6,5,1,3,6,2,5,3,4,4,1,1,6,6,1,6,1,1,2,2,4,1,1,2,4,1,3,2,1,4,1,1,1,2,6,1,6,6,1,3,2,5,1,5,5,3,1,2,3,6
6,1,5,4,4,8,4,6,4,5,7,3,1,1,3,3,6,3,8,4,4,4,5,1,8,5,1,1,8,6,6,4,2,1,4,7,2,5,1,4,1,3,6,3,8,8,8,7,6,2,1,1,6,5,48.73,75.71,1,1,2,2,4,1,1,7,3,3,3,5,3,4,7,2,3,4,2,3,4,7,2,3,2,2,6,4,1,1,3,1,7,7,6,3,6,1,1,5,4,2,2,3,1,5,1,2,6,1,7,6,4,1
7,8,4,6,7,2,6,4,7,7,8,1,3,7,7,5,1,8,5,8,5,7,4,3,2,5,6,7,4,4,5,6,8,3,4,3,1,4,2,1,3,6,5,1,7,1,5,5,8,5,6,2,2,4,65.91,87.74,4,1,6,1,7,2,6,7,1,2,7,4,7,7,5,1,6,1,4,1,3,1,2,3,2,1,7,4,4,1,3,6,1,5,2,2,6,3,5,1,1,3,3,3,3,1,6,5,1,5,3,5,3,3
1,4,6,3,7,7,4,4,8,5,6,6,7,5,6,2,2,4,3,7,4,1,1,2,2,8,4,5,6,2,8,5,3,2,1,2,2,4,8,4,4,7,4,7,5,5,1,6,4,3,1,2,1,6,55.87,81.81,2,1,3,5,6,2,3,1,7,3,3,3,1,6,6,5,3,7,5,7,5,4,4,4,5,5,5,4,4,1,1,4,4,7,1,1,7,1,4,6,1,5,1,1,3,3,6,1,1,1,7,6,6,7
7,5,3,4,4,7,2,3,7,4,3,1,4,7,4,2,8,3,2,8,6,2,6,5,4,5,2,6,1,2,6,1,3,2,8,6,4,3,5,5,1,4,8,5,5,7,4,7,8,4,1,1,5,4,67.18,88.43,7,3,1,1,2,5,5,2,4,2,6,4,4,6,2,4,5,3,2,7,3,3,5,5,3,1,1,5,1,1,1,5,2,4,4,5,3,5,4,5,1,4,3,1,3,7,4,3,5,1,3,4,4,1
4,6,4,1,6,8,3,6,8,8,2,7,8,4,3,8,2,3,5,2,4,6,7,2,1,1,6,3,7,3,4,2,6,2,3,3,3,2,3,7,7,1,2,3,7,6,1,4,7,7,5,4,3,7,63.3,86.66,6,1,1,2,1,1,4,5,7,3,1,1,7,1,3,1,2,4,4,1,7,2,6,4,2,1,4,4,2,3,6,7,4,2,1,6,7,5,1,5,2,6,1,1,5,1,1,1,6,3,2,7,3,4
8,1,5,7,6,7,1,7,2,4,6,3,3,3,7,3,8,6,7,2,2,8,1,2,3,1,3,4,8,5,6,1,2,1,8,4,8,5,5,7,6,4,2,5,8,1,3,4,8,7,1,7,2,8,47.14,72.86,6,1,1,1,6,2,3,1,1,1,3,1,3,4,1,2,1,1,5,4,6,6,6,1,1,6,5,1,6,2,1,1,5,3,1,1,4,1,5,1,4,5,5,5,5,1,3,4,1,1,1,1,4,4
6,5,3,7,6,8,2,5,5,6,8,2,7,2,7,4,5,3,8,2,3,4,1,7,1,4,4,6,8,4,8,3,1,2,3,6,7,6,2,1,6,4,6,2,2,5,2,8,4,2,3,4,8,3,71.79,90.82,5,4,4,1,7,6,3,5,4,6,5,5,5,5,1,2,5,4,5,4,5,5,7,6,1,1,3,1,2,6,1,2,1,4,2,2,1,5,2,4,6,2,1,2,5,5,4,3,3,3,6,1,1,1
4,2,5,7,6,3,1,6,5,5,7,7,1,7,8,2,7,6,1,3,2,1,6,7,2,7,1,7,4,4,7,5,6,1,2,7,8,1,2,3,5,5,6,3,7,7,6,2,2,7,2,2,2,8,61.98,84.98,6,1,1,7,3,2,1,1,6,1,4,3,6,1,1,3,4,4,6,1,6,1,4,1,1,5,5,1,5,4,2,2,2,7,6,4,1,1,1,3,2,2,1,6,3,1,2,5,2,4,4,4,1,4
1,7,5,8,6,4,2,2,6,5,7,5,1,1,4,4,6,7,8,3,5,8,4,5,5,2,8,4,6,7,2,8,5,6,6,5,2,5,4,6,5,6,8,6,6,7,5,6,8,4,5,4,2,6,60.81,85.25,7,7,2,1,8,7,2,6,4,7,3,2,7,7,6,8,3,5,3,5,1,8,6,4,3,4,3,7,3,3,7,7,6,2,1,4,7,2,3,1,5,1,1,7,2,5,4,1,1,1,1,7,3,6
4,6,6,6,2,3,4,7,5,8,8,6,3,7,1,7,6,2,1,7,6,3,3,2,3,3,6,3,6,1,1,5,3,6,2,3,4,1,1,1,6,4,8,1,7,6,7,1,3,3,2,4,5,8,63.14,85.7,5,6,5,1,6,4,1,3,1,5,1,7,1,2,7,6,1,1,2,1,1,6,5,4,3,1,4,1,3,6,6,7,2,5,5,7,7,6,2,1,4,3,6,1,3,6,1,3,1,5,5,4,1,4
3,5,5,4,5,6,2,5,8,6,7,3,1,2,6,6,7,8,5,6,7,1,4,8,7,2,2,3,4,3,4,7,2,3,4,8,5,8,2,4,1,4,4,1,2,7,6,8,3,7,7,3,3,2,61.15,84.52,3,3,1,2,6,3,6,1,1,2,1,3,4,1,1,4,4,6,3,1,5,6,4,5,7,1,2,1,2,5,6,5,7,5,1,1,1,3,1,6,1,1,1,1,4,2,4,4,3,5,6,6,7,2
5,5,5,5,1,4,1,4,6,5,4,4,4,8,5,8,4,6,2,7,5,7,1,4,1,2,8,6,7,5,7,4,8,7,1,7,5,6,8,2,3,6,2,2,8,8,7,3,8,4,7,1,6,4,54.4,80.13,8,4,4,4,6,8,4,3,5,1,6,6,5,7,4,1,2,6,1,6,3,4,1,1,5,6,6,5,5,6,1,3,3,4,1,2,5,2,1,1,4,5,1,7,5,1,1,4,1,1,8,3,2,1
5,3,3,1,8,6,2,7,7,6,3,6,7,2,6,8,3,8,4,3,1,7,8,3,3,5,6,3,2,1,1,1,4,1,7,4,7,6,4,8,5,3,8,4,7,5,6,7,3,4,6,2,5,1,66.96,88.4,5,3,2,4,7,3,6,1,1,6,2,1,1,2,5,4,1,2,7,6,1,5,1,5,1,6,2,5,1,1,5,2,1,6,2,2,5,5,5,6,1,4,1,1,7,4,3,1,4,4,1,5,5,7
3,7,8,8,8,8,8,7,5,8,6,4,4,7,3,6,8,8,5,2,2,6,5,5,1,2,3,6,6,2,3,4,3,3,5,7,8,1,3,8,2,3,5,3,1,5,2,1,8,8,7,3,1,3,33.2,60.51,1,1,1,1,3,2,6,5,2,6,6,1,1,2,1,4,1,4,1,1,1,6,3,1,2,4,5,4,1,5,2,2,1,4,1,6,1,1,6,6,6,6,5,3,1,2,1,1,3,1,6,1,1,3
4,1,6,5,6,6,7,2,6,4,7,2,7,5,6,6,2,8,5,3,7,4,1,3,8,6,8,7,2,8,2,4,6,4,1,2,5,3,1,2,4,7,2,7,3,6,2,4,1,8,8,2,1,4,54.11,79.23,1,5,4,6,6,1,4,1,1,5,5,1,4,3,2,4,4,4,6,2,2,3,6,2,5,4,3,4,2,4,6,1,2,1,2,1,1,1,1,6,6,1,6,1,1,5,5,1,3,4,2,2,1,6
2,6,2,7,7,7,8,7,4,7,2,3,3,4,5,7,1,8,5,6,7,4,2,6,6,1,5,2,1,1,2,4,2,7,7,1,4,4,6,2,6,5,7,2,2,4,8,6,4,5,1,7,5,6,70.59,90.73,5,1,4,2,4,5,3,2,6,5,4,6,5,7,3,7,5,5,6,2,3,5,1,2,1,2,6,7,2,4,6,1,5,3,1,3,6,1,2,6,3,1,5,1,5,1,1,3,2,4,7,4,7,6
7,6,5,4,6,5,4,7,8,4,6,4,3,4,6,1,6,3,8,5,8,7,3,6,4,1,2,8,3,3,3,7,3,8,2,1,4,4,3,4,8,1,3,8,7,1,8,8,3,1,3,2,8,3,64.69,87.2,6,2,2,1,7,6,5,2,6,3,2,4,7,1,1,7,4,7,7,1,6,3,4,1,3,4,1,7,3,1,5,1,5,1,3,1,6,1,5,1,3,4,7,3,5,1,1,1,1,6,5,3,7,6
8,4,7,8,4,7,8,7,8,2,2,4,6,3,6,6,3,4,5,3,7,5,5,8,5,8,6,6,4,5,4,3,2,6,4,1,3,5,7,5,6,8,6,6,1,4,7,1,6,1,7,7,5,4,59.1,84.52,6,5,4,2,3,4,1,2,1,5,1,5,5,3,2,4,2,1,1,3,3,5,5,1,5,2,6,6,2,4,1,4,1,6,4,3,1,4,1,3,4,4,5,5,2,1,4,4,3,1,1,3,2,3
8,8,8,7,5,4,8,6,8,6,7,5,6,7,3,7,5,5,4,3,4,8,5,6,6,8,6,7,7,1,6,5,3,7,1,7,7,4,4,4,3,8,6,3,6,5,7,6,1,3,8,1,3,4,71.3,91.07,5,2,4,5,5,5,5,5,1,5,3,3,5,5,5,5,6,3,5,5,5,1,2,1,4,1,6,1,3,3,4,6,6,4,6,2,4,5,1,2,6,2,5,4,6,1,4,2,1,3,3,5,5,1
7,4,8,8,4,5,7,7,3,4,6,5,6,8,5,7,7,7,3,3,7,4,5,8,6,8,8,7,6,8,8,6,7,8,6,7,4,2,8,8,7,6,6,8,5,8,7,8,8,6,7,4,7,8,68.32,89.21,6,5,3,6,5,3,1,4,4,6,2,5,5,3,6,6,4,1,4,2,2,5,6,5,3,3,2,3,5,4,4,1,4,3,1,2,4,1,3,5,4,1,1,5,1,1,5,2,1,4,5,2,4,6
3,4,5,7,8,2,3,7,4,4,7,5,2,8,7,3,8,8,7,5,4,2,6,3,8,6,7,6,5,5,4,6,6,4,7,5,7,1,1,7,6,8,6,7,6,5,6,3,7,8,5,4,7,7,62.72,86.03,4,1,1,1,3,1,4,2,4,4,6,4,3,3,5,6,5,1,5,1,1,5,3,1,4,5,5,5,1,2,5,5,4,6,5,1,4,2,1,5,3,1,5,4,5,5,1,2,5,2,5,1,1,5
6,7,2,6,3,7,8,8,5,8,8,4,6,6,2,8,7,6,7,7,3,6,7,6,2,4,5,4,7,6,6,8,5,7,6,4,8,4,5,6,1,6,4,6,3,5,8,7,4,7,7,7,8,4,66.28,88.19,6,5,2,5,5,3,5,4,5,6,3,6,3,1,4,3,4,6,2,3,4,6,5,5,4,6,5,6,6,5,5,5,1,5,1,2,3,1,3,2,1,1,5,5,4,4,1,5,3,1,3,3,3,4
7,5,6,7,6,5,4,7,7,6,8,7,2,8,2,1,8,4,4,1,3,6,6,4,8,1,8,6,8,5,7,6,7,5,3,2,4,6,3,8,7,8,4,7,6,2,6,6,7,8,8,3,5,6,70.54,90.61,5,3,3,1,4,5,6,6,1,6,5,5,4,3,3,1,4,6,6,1,3,6,5,5,1,3,3,3,2,1,1,6,4,5,1,3,2,3,6,1,4,4,1,2,4,1,2,5,3,5,3,4,2,1
4,7,6,8,7,2,8,6,5,2,8,4,2,6,6,7,6,7,3,6,8,6,5,6,7,2,5,7,8,7,5,6,6,8,3,4,3,6,8,8,7,2,7,6,7,5,7,7,6,7,8,5,8,1,70.88,91.23,4,5,1,1,7,7,4,1,1,6,5,7,5,7,5,6,3,3,4,6,3,5,6,2,5,5,4,1,1,5,2,2,5,6,4,6,2,4,3,5,3,2,3,1,7,5,4,3,4,1,2,7,1,7
7,4,6,5,2,6,8,6,4,4,6,3,6,5,3,5,5,8,8,7,2,8,7,7,8,8,8,8,7,4,5,5,8,3,7,8,8,3,2,5,7,6,6,5,8,6,1,8,5,8,8,5,8,4,63.2,86.84,3,5,1,2,5,5,6,6,3,2,4,3,6,4,3,4,5,5,4,2,3,3,1,5,4,4,2,4,4,3,4,5,5,4,3,1,5,4,2,5,2,5,2,1,3,3,1,4,3,1,6,6,6,4
3,5,2,4,7,7,7,5,8,6,3,8,6,8,8,6,8,6,7,8,4,6,8,8,8,8,8,6,6,5,6,5,6,4,8,7,8,5,8,5,4,6,1,8,7,7,5,8,7,4,1,6,5,5,68.93,90.19,5,6,1,2,7,6,7,3,3,6,6,5,6,2,1,4,4,4,7,7,4,3,7,6,5,6,4,7,5,3,3,5,1,5,5,3,3,5,2,2,4,3,1,3,5,1,6,2,5,1,4,5,3,2
5,8,6,5,1,7,2,7,4,7,6,7,5,6,6,8,8,5,3,7,5,7,6,4,5,5,2,5,6,8,8,7,6,7,5,7,8,1,7,8,7,3,8,8,8,7,8,7,3,6,7,7,5,5,68.16,88.9,2,4,5,6,3,2,6,1,3,2,1,3,3,4,6,5,6,6,5,1,1,5,6,3,6,4,1,6,1,4,1,4,1,3,1,5,5,4,4,5,5,4,5,2,1,3,1,1,1,4,6,6,4,1
5,5,7,6,3,5,5,8,8,3,5,6,5,7,2,5,7,7,7,8,6,7,5,7,5,3,5,4,8,3,5,7,5,3,7,4,5,5,8,7,7,2,7,7,2,7,4,1,4,7,8,7,7,2,66.14,88.99,6,3,4,2,3,6,1,2,5,6,3,6,1,4,3,3,5,3,4,3,2,1,4,1,3,6,5,6,6,2,5,4,1,1,5,6,4,2,6,2,1,3,5,3,5,6,5,4,1,1,1,3,4,1
7,4,3,7,8,8,8,6,6,7,4,3,8,5,6,1,5,7,7,6,6,7,8,7,5,8,7,3,7,7,1,8,5,6,1,5,8,5,8,7,4,6,7,2,8,7,8,3,6,6,7,6,8,8,63.66,86.43,4,5,5,3,5,6,6,6,1,1,5,1,4,3,1,2,2,1,1,6,6,2,1,6,3,2,4,1,5,3,4,6,4,6,5,6,1,5,1,4,5,2,1,1,4,1,1,4,5,5,1,4,6,5
8,7,6,6,5,7,7,2,3,6,7,4,3,8,6,8,4,8,3,6,7,7,8,6,7,3,7,7,7,6,5,6,7,8,7,5,4,8,7,2,5,7,7,2,4,4,5,8,5,6,7,8,4,2,75.16,93.11,5,2,2,6,1,6,5,5,2,1,4,2,5,5,6,4,5,6,1,3,3,3,5,3,6,6,1,5,2,2,3,3,1,6,4,2,3,3,3,1,3,1,5,4,4,4,5,5,5,3,5,6,4,1
8,7,5,6,5,7,7,6,5,6,7,5,6,6,5,8,4,8,5,8,2,7,3,3,7,8,7,4,2,8,6,5,5,8,4,4,8,5,5,8,8,5,7,8,8,8,1,6,6,7,2,7,3,7,73.02,91.62,5,4,3,4,3,4,3,1,5,4,4,1,1,5,4,1,4,5,2,1,1,3,2,4,3,1,2,5,2,1,4,5,5,2,3,1,3,2,4,4,3,1,4,5,5,5,5,2,1,4,1,1,4,1
6,4,3,8,8,7,6,8,3,5,7,7,3,3,8,7,7,4,4,4,7,8,8,1,7,7,6,6,7,3,7,7,3,4,5,7,7,6,8,5,4,3,1,4,8,7,5,8,8,2,6,6,4,8,64.13,86.31,1,3,5,5,1,2,5,5,5,5,4,4,3,3,1,4,5,5,1,4,2,1,5,2,4,4,3,2,2,2,3,3,5,3,2,4,5,5,2,3,2,2,5,3,4,3,2,5,5,3,5,2,3,2
1,7,8,3,6,8,4,7,6,5,7,2,8,2,7,6,5,3,5,8,5,1,7,8,6,5,5,5,6,4,2,8,7,5,4,3,7,2,4,5,7,4,7,5,1,6,8,5,8,6,5,4,2,8,67.3,88.89,5,4,2,4,2,5,5,5,6,6,5,3,6,6,4,3,1,1,1,6,5,3,2,2,6,5,4,1,3,3,1,5,5,3,4,2,6,1,1,1,5,1,4,1,4,5,4,5,4,4,5,5,3,6
7,6,7,8,7,5,5,8,3,7,8,8,3,8,8,6,8,7,7,7,4,8,5,3,5,5,8,6,7,5,5,7,8,7,5,7,5,6,7,6,6,4,7,6,6,8,5,5,4,3,7,7,8,8,77.52,94.02,6,1,6,4,4,3,3,1,5,6,3,6,2,4,2,1,6,4,4,4,5,2,5,4,5,6,1,4,5,6,5,5,3,6,6,3,2,5,4,2,2,2,1,4,3,5,5,2,3,3,4,4,4,1
6,8,7,6,5,7,4,5,6,7,7,7,8,4,8,6,2,6,5,4,8,8,5,3,2,5,6,8,5,4,4,5,5,8,2,7,6,5,6,6,4,7,8,1,8,7,8,3,5,6,6,6,6,6,73.34,92.17,3,5,2,5,2,1,3,5,3,4,5,5,4,3,4,5,3,5,5,1,1,5,5,4,4,1,3,5,4,2,5,5,3,5,2,1,3,4,5,4,2,5,1,3,5,1,2,3,4,3,1,1,4,5
4,8,4,6,8,8,7,2,6,1,8,3,7,7,8,5,2,8,7,6,6,7,7,6,5,5,7,8,1,5,8,5,4,8,2,8,8,8,6,8,7,8,8,6,8,6,6,5,5,4,8,7,7,2,79.19,94.85,5,2,6,6,1,5,5,5,2,6,4,5,4,6,6,6,2,2,4,5,6,5,6,3,6,6,5,5,4,4,3,3,5,4,3,5,3,5,3,3,3,1,1,1,4,3,4,2,5,5,4,5,4,5
6,5,8,8,1,8,8,6,6,8,7,4,8,7,8,7,8,6,5,7,8,5,2,7,7,6,8,7,8,7,6,5,8,3,8,6,3,5,5,7,8,6,4,8,7,6,8,6,8,8,6,8,8,2,72.33,91.87,6,1,5,6,2,1,4,1,5,1,1,3,5,3,1,5,1,1,3,5,5,1,3,5,5,2,3,2,3,1,4,4,3,6,5,1,3,4,5,4,5,3,1,2,3,3,3,3,5,3,6,5,4,1
8,5,7,6,8,7,7,7,4,4,5,6,6,8,6,8,4,8,8,8,4,7,7,8,7,7,7,6,8,8,6,7,8,8,6,6,7,6,7,6,7,7,7,8,6,3,7,6,8,6,3,7,5,7,61.97,86.01,5,5,6,5,5,3,4,1,6,1,6,6,4,2,3,1,2,5,5,5,6,3,4,5,4,3,4,5,6,6,2,5,5,2,1,1,1,4,1,4,3,4,4,2,1,2,4,3,1,1,4,6,3,4
1,7,8,8,5,3,6,4,6,4,4,5,8,6,7,5,7,6,7,3,4,3,6,5,5,6,2,8,1,3,8,8,8,6,8,6,7,3,8,7,6,7,5,6,6,2,8,3,3,8,7,4,8,8,65.33,87.64,5,5,2,5,3,3,2,5,2,1,3,5,4,4,2,3,5,1,4,3,2,6,5,6,6,5,2,6,1,1,6,5,6,5,1,6,4,3,2,5,5,1,3,3,5,4,4,1,5,1,6,6,1,6
7,8,6,6,6,4,7,3,6,6,8,4,8,8,5,7,6,5,7,8,8,5,3,1,8,6,4,4,7,3,8,6,8,6,5,5,8,7,6,2,7,4,8,7,8,6,3,7,7,4,6,8,5,5,71.83,91.42,6,6,3,1,3,1,5,5,6,4,1,4,6,6,5,3,6,1,6,5,5,6,6,4,6,6,4,2,4,1,1,3,3,5,2,3,1,4,5,1,5,3,4,4,2,1,5,1,5,3,5,5,6,6
4,5,5,2,5,6,6,8,6,8,8,3,2,8,7,7,1,6,8,5,7,2,7,7,8,5,5,7,7,7,8,8,7,7,7,7,5,5,6,7,6,7,4,7,4,8,4,8,5,7,2,8,6,4,68.67,89.4,6,5,6,4,3,5,6,4,5,6,4,6,3,5,5,5,1,3,1,3,3,1,5,3,1,1,3,2,3,4,5,3,4,4,3,4,4,5,3,4,5,2,1,5,1,5,2,3,4,1,2,6,4,5
5,8,7,7,7,5,4,7,6,4,2,8,3,8,4,8,5,5,8,8,7,8,5,6,7,5,7,8,7,6,6,6,7,8,8,7,8,8,8,7,7,7,6,7,8,4,7,6,5,8,8,4,8,7,70.29,90.62,2,5,2,1,4,3,2,5,3,2,5,1,5,1,2,3,3,2,1,3,5,3,3,4,1,5,5,5,3,1,2,5,5,2,4,4,5,2,3,5,1,1,3,2,3,4,2,4,3,4,1,5,1,3
2,5,3,8,3,5,8,3,8,7,8,3,4,8,8,8,1,5,4,7,5,6,5,5,6,7,4,5,7,8,8,7,6,8,4,5,8,6,2,6,8,6,6,6,8,8,5,6,2,2,7,4,7,3,73.99,92.45,5,5,1,5,4,5,5,2,5,3,4,4,4,4,5,2,4,4,3,3,3,2,3,1,5,3,5,3,3,4,2,3,4,3,5,1,4,4,5,3,4,5,4,3,1,1,1,2,3,3,1,4,1,5
7,5,6,8,7,8,4,8,7,6,6,7,6,8,4,6,4,4,7,2,8,5,6,7,5,7,2,7,8,8,7,5,7,4,6,6,3,3,8,8,8,7,5,8,3,5,5,6,5,6,6,7,6,7,73.98,92.7,3,4,5,1,2,6,2,4,3,5,5,4,3,6,5,6,6,3,6,6,6,5,5,6,3,3,6,5,4,4,1,4,1,3,5,4,3,3,1,5,3,1,3,1,6,1,4,3,2,4,3,4,5,5
3,6,8,8,8,6,7,4,4,6,8,5,8,7,2,4,7,8,5,7,3,7,6,6,7,4,7,5,5,8,2,3,4,7,4,4,8,5,3,7,6,8,5,4,7,4,7,5,8,5,7,8,4,6,70.44,90.59,3,6,5,6,4,1,4,3,1,3,4,6,5,4,5,4,3,5,5,4,5,5,1,5,4,1,5,1,2,5,4,1,1,4,5,2,5,1,2,1,5,4,1,1,4,2,3,5,4,4,2,6,6,1
6,6,1,8,7,8,8,6,8,5,8,4,5,6,1,6,7,7,7,1,8,7,5,8,6,7,6,4,4,7,8,5,6,7,6,6,6,7,8,8,7,7,4,5,6,8,6,8,8,3,8,8,4,7,64.09,87.68,6,5,5,6,4,1,3,1,5,2,5,6,6,6,3,4,6,6,1,4,4,4,5,4,3,5,6,2,3,6,5,5,4,5,6,6,3,6,1,6,3,1,4,2,1,1,5,2,3,1,5,4,5,1
8,6,4,8,6,4,8,5,6,6,6,6,8,7,5,7,5,4,8,7,7,4,8,8,3,6,8,3,7,4,7,6,6,7,7,8,8,6,8,8,4,7,7,7,8,4,6,7,6,5,6,5,6,8,71.48,91.22,2,3,1,5,5,4,4,4,5,1,2,2,2,3,1,2,4,4,3,1,4,4,5,4,5,4,2,4,3,2,4,3,1,2,3,4,5,1,3,2,2,4,4,4,3,4,1,4,4,2,3,5,2,4
7,7,6,5,6,7,6,8,6,2,5,8,6,7,8,5,7,7,7,6,7,7,6,8,8,7,7,5,8,7,3,8,8,7,6,4,8,5,5,6,8,8,6,4,6,8,6,8,4,6,7,5,8,6,69.38,90.05,5,5,1,1,1,4,1,2,3,4,4,2,3,1,1,4,1,4,5,5,3,4,5,5,5,5,1,1,1,2,4,3,2,3,1,4,2,1,1,4,3,4,4,3,4,3,3,4,4,2,3,2,5,2
7,7,6,4,7,7,7,6,7,5,4,6,5,6,8,5,7,7,3,6,3,6,7,5,3,8,7,8,8,5,2,5,6,4,2,8,6,8,8,8,7,5,8,7,3,8,7,7,4,8,8,6,8,6,71.44,91.13,5,5,1,4,6,4,5,5,4,5,4,6,1,5,5,2,3,4,2,5,4,4,1,5,5,3,1,4,4,4,2,4,4,5,2,1,5,5,2,3,3,4,4,5,4,3,2,2,3,1,6,2,5,6
8,7,5,8,6,8,8,6,7,7,2,7,6,6,3,6,5,4,7,8,8,6,6,7,5,7,8,3,7,8,6,6,6,7,6,6,8,5,8,4,4,8,8,6,7,8,7,8,8,5,5,5,6,5,75.75,93.2,5,2,3,3,3,3,3,3,2,4,3,5,5,3,4,4,4,5,1,2,5,1,4,5,4,4,5,3,1,1,4,4,2,4,3,4,4,3,5,1,3,4,5,5,3,3,1,2,4,3,3,5,5,5
3,7,8,7,7,7,8,6,4,4,3,6,5,8,8,7,8,5,8,2,3,6,7,6,5,7,3,5,7,6,8,8,5,7,8,6,7,4,5,4,8,5,3,6,3,5,4,7,4,7,4,4,8,7,61.78,84.92,1,2,2,2,5,2,5,4,2,5,3,4,1,4,5,5,2,3,2,4,1,5,4,1,5,4,2,2,5,5,4,4,2,3,5,4,5,4,3,5,5,2,1,2,1,4,1,3,4,4,5,4,3,3
8,7,7,6,6,5,8,4,6,7,5,7,8,4,7,8,7,6,6,7,4,7,3,5,5,8,6,6,4,6,2,6,8,6,6,8,6,7,5,8,8,8,8,6,6,3,2,7,8,8,7,6,8,2,74.31,92.74,3,3,1,4,3,4,5,3,5,5,5,1,5,2,4,5,5,3,4,1,5,2,3,4,4,4,4,4,4,4,1,1,3,3,3,3,4,3,5,4,2,4,1,3,2,4,2,3,3,2,3,2,4,4
3,5,6,8,8,7,3,7,6,3,8,8,8,6,5,5,8,6,8,8,8,5,6,8,1,3,8,6,8,3,6,8,3,5,8,6,8,5,5,7,8,6,8,8,5,6,7,7,6,7,6,8,3,6,75.91,93.39,5,1,4,2,5,5,2,5,2,5,3,5,5,3,3,5,4,5,1,3,3,5,2,3,4,2,3,5,1,5,2,5,5,1,4,1,5,4,5,1,4,3,3,4,3,4,3,3,1,3,3,5,4,4
7,8,6,8,8,7,8,8,5,4,8,5,6,6,8,2,6,8,6,3,6,8,2,7,5,1,8,6,8,7,8,5,7,8,7,7,7,4,8,4,4,6,8,6,6,7,7,8,5,5,8,6,7,8,67.07,88.89,5,3,6,4,1,2,1,1,3,6,6,4,6,6,6,6,6,5,5,4,1,6,4,5,5,6,5,4,5,6,4,6,6,4,5,6,1,5,4,2,2,5,5,1,6,3,2,2,4,1,4,4,4,6
5,8,4,6,7,2,8,8,8,1,6,4,8,7,8,5,3,7,4,5,7,6,8,7,6,5,7,7,4,8,4,5,6,8,5,7,4,7,7,7,8,3,8,6,3,7,4,2,7,7,8,6,7,6,71.08,90.7,5,3,5,5,1,1,4,5,2,3,5,5,5,2,3,5,2,2,1,1,5,1,3,4,1,1,1,1,5,1,5,3,3,2,5,5,2,5,4,2,4,4,1,5,5,2,4,4,4,3,1,2,1,4
7,5,6,6,5,4,6,4,8,7,6,8,7,5,7,5,7,6,4,8,8,3,8,4,8,5,7,8,8,7,8,8,7,8,4,7,8,7,7,7,7,7,7,7,8,4,7,7,7,8,8,7,7,4,77.67,94.49,4,6,6,6,6,6,5,6,6,6,6,4,5,3,6,6,3,6,2,5,6,6,5,6,5,2,4,2,5,5,2,3,4,6,3,1,3,5,4,4,5,1,4,1,4,4,3,1,4,3,3,4,5,6
7,5,8,5,8,7,6,8,8,5,5,6,6,8,7,6,4,8,8,6,6,6,8,6,6,6,7,8,6,2,7,6,6,7,8,4,5,4,7,5,7,4,8,2,3,6,2,5,7,8,7,8,7,7,78.14,94.27,4,4,2,4,3,1,4,3,3,4,3,5,5,5,4,5,5,3,3,3,4,4,4,5,3,5,1,2,4,1,2,5,5,3,5,4,5,5,2,5,3,2,1,3,2,2,4,2,3,4,1,1,3,4
6,5,7,7,8,4,4,7,7,8,7,8,5,8,7,7,7,3,8,8,7,8,5,5,6,8,2,8,7,6,7,4,3,6,7,6,7,8,6,7,8,6,6,5,8,7,4,8,8,7,7,8,7,8,70.72,90.67,3,5,5,5,5,5,5,3,1,2,5,1,5,3,2,1,3,1,1,1,5,5,4,5,4,4,1,5,4,3,2,4,5,1,3,4,3,4,2,2,5,2,1,4,1,3,4,3,3,4,5,3,4,1
7,8,6,8,5,7,6,5,8,6,8,3,7,8,8,5,8,7,7,5,8,5,3,6,3,7,6,7,5,3,8,5,5,5,6,8,7,6,6,7,7,8,8,5,8,6,7,8,8,7,5,8,7,6,68.65,89.63,5,3,5,3,3,3,1,3,3,3,5,4,4,2,5,3,4,5,4,3,5,4,1,5,1,2,5,5,5,3,5,4,1,3,5,3,3,3,5,3,4,3,3,4,5,4,2,3,1,1,5,3,3,3
7,8,8,4,6,7,5,7,8,4,8,8,4,5,4,7,6,7,4,4,7,8,7,4,8,7,6,8,7,8,8,6,6,6,7,8,7,5,6,8,6,8,6,7,8,8,7,5,7,5,4,7,6,4,74.22,92.37,5,3,1,5,4,3,3,5,5,2,4,3,4,3,5,2,4,2,5,2,2,4,2,1,1,4,4,5,5,3,5,4,5,2,5,2,1,5,1,4,2,4,3,3,4,4,4,1,3,4,5,4,5,2
7,7,5,7,6,6,5,8,7,6,5,8,7,5,7,8,7,8,6,6,8,7,8,5,7,1,3,7,7,8,7,7,8,7,5,8,3,8,7,7,7,8,6,6,7,7,6,7,7,7,8,6,8,6,70.57,90.43,5,5,2,2,1,1,1,1,5,3,3,3,5,5,3,3,2,4,1,3,4,3,3,4,3,4,1,3,2,4,3,5,5,4,1,2,3,5,3,3,4,4,3,4,4,3,4,3,4,1,2,4,5,5
7,3,4,7,8,8,7,8,6,4,8,7,3,8,8,6,6,7,6,7,7,8,8,6,8,8,6,6,6,8,7,4,7,7,7,7,6,8,6,8,5,6,3,6,7,4,8,5,8,5,7,4,6,1,77.37,93.96,5,4,4,3,2,5,5,3,1,3,4,4,5,4,3,1,5,3,4,2,3,3,4,4,3,5,3,5,3,3,2,1,3,1,5,1,5,3,3,1,2,3,4,5,2,2,4,4,3,3,5,3,2,1
8,7,8,5,7,8,6,5,5,5,6,8,5,7,6,8,7,6,6,6,4,6,4,6,6,7,6,7,5,3,5,8,5,4,6,8,6,8,6,6,7,4,6,5,3,8,7,7,7,8,8,6,8,8,78.11,94.29,4,3,4,3,5,3,5,1,3,5,4,4,4,3,5,4,4,3,5,3,3,1,5,4,1,3,1,5,2,3,5,5,4,2,3,1,3,3,2,4,5,1,3,1,5,4,4,4,4,4,3,3,5,3
4,8,8,7,5,4,4,8,8,7,8,8,7,8,6,7,6,7,6,6,3,5,8,8,7,6,5,8,7,6,7,5,8,3,5,7,7,8,3,8,6,4,6,6,7,5,7,7,7,7,7,8,7,7,76.71,93.79,4,4,3,4,3,3,4,2,2,5,5,4,1,3,2,3,3,3,5,2,2,5,5,1,5,2,5,2,1,4,4,1,2,4,4,1,3,4,3,4,4,1,1,3,5,4,4,4,4,4,3,2,5,5
7,7,4,8,4,6,8,7,7,8,8,6,8,8,6,7,8,7,5,6,8,7,6,5,7,8,7,4,5,5,7,8,6,7,7,8,7,6,7,8,6,6,7,8,3,7,7,7,6,7,3,5,2,8,61.91,84.57,1,5,5,5,5,5,3,4,5,4,5,5,4,5,5,1,4,4,4,2,1,2,4,2,5,4,3,4,1,5,1,1,4,4,5,1,2,1,4,2,4,5,5,3,4,1,3,4,3,2,3,4,2,5
7,7,8,7,6,7,7,5,4,3,4,8,5,6,5,6,5,4,8,6,6,4,2,7,8,5,6,8,5,6,6,7,8,7,7,8,2,7,8,5,5,6,6,4,8,5,8,8,6,7,5,6,8,6,61.14,85.62,2,5,5,5,4,2,1,5,4,2,2,3,5,4,5,5,3,4,4,2,4,4,5,5,5,5,5,2,3,4,3,5,5,5,1,4,1,5,4,4,1,4,3,5,5,3,4,1,1,1,4,5,3,3
6,5,8,8,8,5,7,7,8,8,5,7,8,5,8,6,7,4,4,6,7,8,5,8,6,4,7,8,5,4,7,7,8,6,8,6,5,8,7,6,4,8,8,3,6,7,6,6,4,8,6,7,7,7,78.02,94.42,3,4,5,4,4,3,5,3,5,4,5,4,3,2,1,4,4,3,5,5,4,4,3,5,5,3,3,4,5,4,4,3,2,1,4,4,4,4,4,2,4,1,4,4,2,3,5,1,4,3,5,3,3,5
4,7,8,6,5,5,7,6,5,8,8,6,7,7,4,7,6,7,8,6,4,7,5,8,8,5,5,6,5,7,8,8,2,7,8,6,7,3,7,8,6,5,6,8,4,4,7,6,7,5,6,3,7,8,67.22,88.32,5,4,4,3,3,3,1,2,2,3,5,5,4,5,1,4,2,3,5,3,1,1,5,5,4,1,5,5,5,2,5,5,5,3,3,4,5,5,5,4,4,4,1,2,2,4,3,3,1,1,3,5,3,4
7,7,6,5,7,8,6,8,8,8,6,7,4,8,6,8,7,7,7,6,5,8,7,5,7,8,7,7,8,8,7,7,8,8,8,8,4,7,7,7,6,8,5,6,4,6,7,8,8,8,6,5,8,6,74.75,93.09,5,5,4,3,5,3,5,3,1,2,2,5,3,5,3,5,4,3,2,3,5,5,2,5,3,4,4,3,4,5,2,2,4,4,5,3,4,3,1,3,4,3,2,1,5,4,1,3,4,4,5,4,5,4
8,7,7,7,7,7,7,2,8,7,8,5,6,7,8,6,8,7,7,7,7,4,6,6,8,8,8,7,4,6,8,7,7,6,7,6,8,3,5,7,8,6,8,6,8,8,7,7,7,7,8,7,8,2,74.82,93.15,3,3,4,2,4,4,3,3,5,1,5,5,2,2,3,4,5,3,2,5,4,4,4,5,5,3,2,3,3,1,5,5,2,4,4,2,4,1,4,3,4,4,4,3,5,1,1,3,4,3,3,4,5,4
6,8,8,5,4,3,7,7,8,6,8,8,5,5,8,7,8,6,6,4,8,8,8,4,7,8,7,7,6,8,7,8,8,6,7,8,5,8,8,5,7,7,7,8,7,5,7,8,7,8,6,7,8,8,78.47,94.44,5,5,1,3,5,4,4,5,3,2,3,4,1,2,5,4,2,4,3,4,3,3,2,2,5,5,2,5,5,3,2,4,4,4,3,4,3,1,5,3,3,5,5,3,5,1,4,2,2,3,2,2,1,3
7,6,5,7,7,6,6,8,3,6,7,8,5,3,8,8,7,8,7,8,7,8,5,8,6,7,8,6,5,2,7,8,5,4,8,7,7,8,8,8,6,8,6,6,7,6,7,6,6,7,5,5,6,5,73.08,91.94,5,5,4,3,4,4,5,1,4,5,5,1,1,2,3,3,5,1,2,3,3,5,2,5,3,3,3,2,2,4,3,4,4,5,3,4,4,1,1,2,1,4,1,4,5,4,4,3,4,4,5,4,4,5
6,6,8,5,8,8,7,6,6,6,8,8,6,8,7,8,7,8,8,4,6,4,3,8,8,5,5,8,7,7,5,8,7,8,6,7,7,7,7,7,4,8,8,6,6,7,8,5,7,3,5,8,6,8,64.66,86.53,1,1,5,3,1,5,4,5,4,4,4,4,4,4,5,5,5,5,1,5,2,2,4,3,5,5,5,4,5,5,5,3,1,3,3,5,3,4,5,1,4,5,2,3,2,5,4,1,4,3,4,5,4,5
8,8,5,7,5,7,8,4,3,7,8,8,5,6,8,7,3,8,7,8,6,6,5,6,8,6,5,8,8,4,6,6,7,6,5,8,8,8,4,5,7,7,8,7,7,6,7,8,6,7,7,5,7,4,75.21,93.25,5,3,3,2,4,2,5,4,5,5,5,4,5,4,2,4,3,3,5,3,1,5,5,2,4,5,4,4,1,1,3,1,4,4,4,3,4,4,4,4,1,4,4,3,4,3,2,4,2,2,3,5,3,5
8,8,7,7,6,6,7,7,8,8,6,5,7,7,8,8,6,8,2,8,8,6,5,6,8,8,7,8,5,7,5,8,8,5,8,8,8,7,8,8,7,6,7,5,8,7,7,6,5,3,8,8,8,5,71.96,91.67,2,3,4,5,1,3,2,2,5,5,5,3,5,4,5,2,5,4,4,3,5,4,3,4,4,3,4,1,3,3,3,4,2,1,1,1,3,2,1,4,2,4,4,3,5,4,3,1,4,4,5,5,4,3
8,8,5,7,8,4,7,5,8,6,8,6,5,7,5,8,8,7,8,7,5,6,6,8,8,8,7,5,8,5,3,6,6,7,8,8,8,6,8,5,5,7,2,8,8,4,8,6,8,8,7,7,6,5,80.42,95.56,5,4,2,4,4,3,4,5,2,3,4,4,3,2,5,3,4,5,5,5,5,3,3,4,4,4,4,3,4,4,2,4,3,4,4,4,4,3,3,2,3,4,2,2,5,2,4,4,2,3,1,5,5,2
5,4,7,7,6,8,7,8,7,7,7,7,3,7,6,4,6,7,8,4,6,6,8,8,6,6,7,7,6,8,8,7,8,6,7,5,7,8,5,5,3,7,7,8,7,7,6,6,8,7,8,8,7,6,76.28,93.61,3,5,6,2,4,4,4,5,6,3,5,5,5,6,6,4,5,5,4,5,2,5,6,3,3,1,3,5,3,4,4,3,5,4,2,4,1,5,1,1,5,1,3,4,4,2,4,4,4,4,6,5,2,5
7,7,3,8,6,8,5,7,8,5,8,6,5,8,8,6,8,7,5,7,8,7,6,8,7,8,7,8,8,7,8,8,8,7,8,8,8,6,7,8,2,6,5,7,8,7,7,5,8,4,6,6,8,4,74.68,92.99,4,3,5,5,3,5,5,4,4,5,5,5,4,5,4,5,5,3,3,4,4,1,4,3,2,2,3,3,3,4,1,3,4,5,2,3,3,1,4,4,4,3,2,4,4,4,1,4,2,2,5,5,4,5
8,7,8,8,8,7,5,6,8,8,7,7,7,8,7,7,8,3,8,4,8,8,6,7,7,7,6,8,8,8,6,4,6,8,8,4,8,7,8,7,6,6,8,7,6,7,6,4,6,8,7,7,5,7,78.89,94.98,3,4,4,4,4,4,3,4,4,3,5,5,3,4,3,5,4,3,5,4,4,1,3,3,3,3,3,4,3,3,1,4,1,5,2,2,4,3,3,3,2,4,3,3,5,4,4,4,1,3,4,5,1,1
5,6,6,7,7,7,7,5,5,7,6,7,7,4,4,8,8,5,8,8,6,8,7,6,8,8,4,7,8,6,6,8,7,6,8,6,8,7,7,7,6,6,8,6,7,7,5,8,7,7,6,8,8,8,74.54,92.68,3,4,1,4,2,2,1,3,5,5,3,4,5,5,4,4,5,4,1,4,1,2,4,4,1,3,3,4,2,3,3,4,3,4,4,4,3,4,4,2,1,4,1,4,5,3,4,4,4,4,3,3,4,5
8,6,7,7,8,7,8,8,7,7,5,7,8,5,8,7,5,7,7,8,6,6,8,5,7,5,8,8,5,8,6,3,8,6,6,8,5,7,7,8,7,7,6,8,8,6,8,7,8,7,8,8,3,7,79.12,95.07,3,5,5,5,4,5,5,1,4,3,3,1,5,4,3,1,4,4,5,3,3,3,4,1,5,4,5,4,1,5,5,4,2,4,2,3,4,4,4,2,4,2,3,3,4,4,4,3,4,3,4,4,4,5
8,8,8,8,8,6,6,2,8,6,8,5,8,6,8,7,7,8,7,8,7,7,8,6,5,7,8,8,7,7,7,5,6,8,8,5,6,6,8,8,7,8,6,7,8,5,7,8,6,8,7,8,8,8,70.38,90.8,4,4,5,4,4,5,4,3,5,4,4,5,5,2,1,5,4,5,5,5,5,4,5,5,3,3,4,1,1,2,5,4,2,3,4,4,4,5,3,3,5,3,1,3,3,4,4,4,1,1,4,3,4,5
8,5,4,8,7,6,6,6,5,6,6,8,6,7,7,7,6,7,8,7,8,7,7,7,7,7,7,8,8,8,7,8,3,7,8,6,6,8,7,5,8,5,8,5,7,6,7,7,8,7,7,8,8,6,79.77,95.26,5,1,4,5,5,4,5,5,3,4,3,5,3,4,2,3,5,4,1,3,4,5,4,5,5,4,3,3,3,4,1,4,3,4,4,4,2,1,4,3,2,1,3,4,4,3,4,4,2,4,5,3,5,4
6,6,7,6,6,7,7,8,6,6,6,6,8,7,8,8,6,7,8,7,7,8,7,8,8,8,8,7,4,7,7,7,6,7,8,6,8,7,7,7,1,7,6,7,8,6,6,8,7,8,5,8,8,6,73.62,92.4,5,5,4,5,4,5,3,1,5,3,3,5,4,3,5,5,5,3,4,4,4,4,5,4,2,3,4,3,1,2,4,1,2,2,4,4,4,3,3,4,3,4,1,3,3,4,4,4,2,1,5,5,3,4
8,4,8,8,6,7,4,8,8,6,6,6,4,6,8,6,7,4,7,5,6,8,8,8,6,6,2,8,7,8,8,4,8,8,7,7,5,8,7,4,8,6,7,7,5,8,8,8,6,8,7,7,7,5,77.96,94.57,5,4,5,2,5,3,5,4,5,3,3,4,2,2,5,4,5,5,5,5,3,3,4,2,4,4,2,4,3,4,2,3,4,5,4,3,3,1,3,4,3,4,4,3,4,4,1,3,2,2,4,5,5,1
3,8,5,7,8,7,6,8,7,5,8,8,6,7,8,5,8,7,5,7,7,6,7,7,8,8,8,3,6,6,7,8,7,8,4,8,8,8,7,6,8,7,6,8,7,3,8,6,5,8,5,4,6,6,80.54,95.29,3,4,3,5,2,2,3,4,5,5,2,4,5,5,4,5,5,4,4,4,4,5,3,4,2,5,4,3,2,4,5,4,4,4,3,3,5,5,4,3,2,3,4,2,3,1,4,2,4,3,5,2,4,5
7,8,7,8,6,7,8,7,8,7,8,6,8,7,8,8,7,6,7,8,7,5,6,7,6,5,5,4,8,8,6,7,8,7,7,8,8,8,6,8,4,8,5,4,8,8,8,7,8,5,8,7,8,7,69.64,90.97,5,4,5,3,5,5,4,5,4,5,4,5,3,4,5,4,5,5,5,4,5,4,5,5,2,4,4,3,3,3,2,4,2,3,3,5,5,4,5,5,3,3,1,3,5,1,2,4,1,1,5,3,4,5
7,5,8,7,8,7,8,6,7,8,8,4,8,7,7,4,8,6,7,7,7,5,7,8,8,6,8,7,6,8,5,8,8,4,5,4,8,7,6,6,7,7,6,6,7,7,8,8,5,7,7,8,7,7,73.13,92.38,5,4,2,4,3,5,4,5,4,5,3,5,4,5,3,5,5,5,5,3,2,3,1,4,3,3,3,5,5,5,4,4,4,3,2,3,5,5,4,3,3,4,4,4,4,2,3,1,4,1,5,4,2,2
7,8,7,7,6,6,7,6,6,7,7,7,7,7,7,8,7,8,7,6,8,8,8,7,8,7,8,7,7,8,8,7,8,5,7,5,3,7,7,6,6,8,6,7,7,7,6,7,6,7,6,5,7,8,80.66,95.51,3,5,5,5,5,5,5,4,4,4,5,3,4,5,3,3,5,5,3,5,3,5,5,4,4,2,3,4,4,4,3,4,2,5,2,3,4,1,3,2,2,2,3,4,5,2,4,4,2,4,5,3,5,4
7,5,6,8,6,7,8,5,6,7,7,7,7,8,8,8,7,7,6,5,6,7,8,5,7,5,7,8,8,6,8,7,8,8,8,7,8,7,8,6,8,8,7,7,6,7,7,8,5,8,8,6,7,8,65.93,87.56,1,2,4,5,2,4,5,3,5,5,5,3,3,5,5,4,5,3,1,4,2,2,4,3,4,3,4,4,4,3,4,2,3,4,3,4,3,4,1,4,2,3,4,3,4,4,4,3,3,3,5,4,3,3
5,4,7,8,8,5,8,6,8,8,5,7,8,6,8,6,7,7,8,7,7,8,6,8,8,8,7,5,7,7,7,8,5,6,8,7,7,8,8,7,2,7,8,8,6,7,8,7,7,8,8,8,7,6,77.45,94.42,5,4,3,4,1,3,3,2,5,4,3,4,4,4,4,4,2,4,3,4,5,2,4,5,4,2,5,4,4,5,5,4,3,5,3,5,2,5,4,1,2,3,4,2,3,4,1,4,4,4,4,5,5,3
7,8,6,8,6,6,7,5,6,8,6,7,7,7,7,7,7,8,8,7,8,6,6,7,8,7,4,8,8,6,7,7,7,4,6,8,8,8,8,8,5,6,6,6,8,8,8,8,8,8,7,8,8,8,79.96,95.35,4,4,4,4,5,4,3,5,2,4,5,3,5,1,5,3,5,4,3,5,5,5,5,5,5,4,4,3,1,3,4,3,2,3,2,1,3,2,4,2,3,1,4,3,4,4,4,4,4,3,2,4,3,3
6,8,8,8,8,8,8,8,6,7,8,3,8,8,8,8,8,4,8,7,7,6,8,7,7,8,6,8,8,6,7,6,7,5,8,8,7,6,8,7,4,8,7,7,5,7,8,7,8,8,7,7,8,8,81.27,95.54,4,4,3,4,5,5,4,3,3,3,5,5,5,5,2,4,5,4,5,4,3,4,4,4,2,3,3,2,3,4,3,2,2,3,1,4,2,4,3,3,3,1,4,4,4,4,4,2,4,4,5,5,4,3
4,8,7,8,5,7,6,7,7,8,5,8,4,6,7,7,8,4,7,7,6,6,8,6,6,8,8,7,8,6,7,7,8,6,7,8,8,8,7,7,5,8,7,8,8,8,7,7,6,7,6,8,8,7,81.59,95.87,4,3,4,4,4,2,4,4,5,5,4,4,5,5,5,5,3,5,5,4,5,5,4,5,3,5,4,4,2,3,4,4,5,4,5,4,4,5,5,2,2,2,2,4,3,4,2,2,2,3,5,3,4,5
8,7,8,8,7,8,7,7,7,7,8,6,7,5,8,8,8,7,8,7,7,8,8,8,8,8,8,8,7,6,7,6,7,6,7,6,8,7,8,8,7,8,7,7,7,8,8,6,3,7,7,7,8,8,73.5,91.92,3,2,3,4,3,3,2,3,4,2,1,3,1,2,2,4,4,3,4,4,4,3,3,4,3,4,4,4,3,4,1,3,2,4,4,3,3,4,3,4,3,4,3,4,3,4,3,2,3,1,4,3,4,2
6,6,5,8,8,7,6,7,6,8,5,8,7,8,7,8,8,8,6,8,8,7,8,8,7,7,7,6,7,8,7,8,8,8,8,8,6,7,8,8,6,7,8,7,5,7,7,7,6,8,7,8,8,6,77.69,94.41,4,2,4,5,4,5,4,5,3,4,1,2,5,4,2,3,4,4,4,3,1,2,5,4,4,4,4,2,4,3,4,1,4,2,4,2,4,3,4,1,3,4,4,2,2,2,4,4,4,4,3,3,4,5
8,7,8,5,8,7,8,8,8,8,8,8,7,7,6,7,5,6,7,7,7,8,7,8,6,7,7,6,7,7,8,8,8,7,6,6,6,8,8,8,3,7,6,8,8,8,7,7,3,8,5,8,7,5,74.88,93.26,2,4,5,5,5,5,2,5,5,5,5,3,3,5,1,5,4,2,2,4,4,5,4,2,4,5,4,5,5,4,5,4,2,4,2,5,5,3,4,2,5,4,1,4,5,4,2,1,4,2,5,2,5,5
8,6,8,8,7,6,7,8,8,8,7,8,8,6,8,8,8,7,8,8,8,8,8,6,7,8,8,6,8,4,7,8,8,8,6,8,6,7,7,6,7,6,7,8,6,6,8,7,8,6,8,8,8,6,77.62,94.09,4,4,3,4,2,3,3,4,4,4,3,3,4,3,2,3,1,1,2,4,3,3,5,4,4,2,3,2,4,4,3,3,4,4,4,1,3,3,4,4,4,2,2,3,4,4,4,3,4,3,4,2,3,3
6,7,7,8,8,8,7,7,5,6,5,8,8,8,8,7,8,5,8,8,7,7,7,8,6,7,7,7,6,4,7,8,7,6,7,5,8,8,8,8,7,5,7,7,8,8,7,7,7,7,8,8,8,8,78.33,94.7,4,2,2,1,3,4,3,4,3,2,3,4,3,2,1,2,2,4,3,4,4,4,4,2,4,3,3,1,4,3,4,4,3,3,4,4,4,4,3,3,4,4,2,3,3,2,3,4,3,2,3,4,2,1
6,8,6,7,6,7,8,7,7,8,6,7,7,6,8,8,8,6,6,8,7,8,6,8,5,8,8,7,8,7,8,8,6,8,8,8,6,4,8,6,6,6,7,8,7,7,7,8,6,6,7,7,5,5,77.48,94.43,3,3,4,4,4,3,2,4,4,3,4,4,4,3,3,4,4,1,2,3,4,3,2,4,4,2,3,3,3,4,2,2,4,4,4,4,1,4,3,4,4,3,3,2,4,4,3,4,3,2,3,4,4,4
6,8,7,8,5,8,8,8,8,8,6,8,7,8,8,7,6,7,7,6,8,5,7,7,7,6,8,8,7,7,7,8,7,7,7,7,8,8,8,8,8,8,7,8,8,8,7,8,7,8,4,6,8,8,74.43,92.87,5,3,4,4,4,3,5,4,5,4,3,3,4,3,3,4,5,5,3,4,4,3,5,4,5,5,4,4,5,2,3,5,5,2,5,5,5,5,4,4,3,1,3,4,2,1,2,3,4,1,5,4,5,5
8,6,6,8,6,5,7,8,6,6,7,5,6,5,8,8,8,7,5,5,7,6,7,6,4,8,7,7,6,6,8,6,6,7,8,6,5,8,6,8,5,7,8,8,7,8,6,8,5,7,7,8,8,5,68.09,89.12,2,3,4,5,5,5,5,5,4,3,5,5,2,5,5,4,4,5,3,2,4,4,4,3,4,4,4,3,4,4,5,5,5,5,4,3,5,5,4,1,4,1,4,4,4,4,4,4,1,1,5,5,5,4
8,8,8,7,8,6,7,7,6,7,8,8,8,6,8,8,8,7,8,7,6,8,7,7,7,8,7,7,8,7,7,8,7,8,8,5,5,8,7,7,7,6,8,7,7,6,8,8,3,8,7,8,6,8,80.58,95.44,4,5,4,3,2,5,5,3,3,4,1,4,4,4,4,2,4,4,2,3,3,3,5,4,3,4,2,2,4,4,3,4,2,5,4,1,2,4,3,3,2,4,4,3,3,4,4,2,4,4,5,4,3,2
7,7,8,8,7,6,8,8,8,6,7,7,8,7,8,8,8,6,8,8,8,8,6,7,6,4,8,6,8,6,6,8,8,7,7,6,8,7,8,8,7,7,8,8,8,6,8,6,7,8,8,7,7,8,80.83,95.71,5,5,5,5,2,3,5,5,3,4,3,5,5,5,5,4,5,5,4,4,3,3,5,2,4,4,3,3,4,2,4,1,4,5,4,2,4,4,3,4,2,3,3,2,4,3,2,4,4,3,4,4,5,3
8,7,8,8,8,8,7,8,7,7,5,7,6,8,8,6,8,6,6,7,6,6,8,8,8,8,8,8,6,7,8,5,4,6,6,7,7,7,8,8,8,6,7,8,5,5,7,8,8,5,6,7,7,6,76.64,93.56,4,2,3,1,3,3,2,4,4,4,4,1,2,2,4,1,1,2,2,4,1,4,1,4,4,3,4,1,3,3,3,4,2,2,4,4,3,3,4,4,4,2,4,4,3,2,4,4,1,3,3,4,4,4
8,7,8,6,8,7,6,8,8,7,6,7,8,7,8,5,8,8,7,6,6,8,8,7,7,3,8,8,8,4,8,8,7,5,6,7,8,8,6,6,8,7,7,8,7,6,6,6,8,7,8,8,8,8,79.49,95.3,4,4,3,3,4,3,3,4,4,3,2,4,4,3,4,4,2,2,3,3,3,3,3,4,3,4,2,4,3,4,3,4,3,3,4,4,3,2,4,4,4,4,4,4,3,2,3,2,1,2,4,3,3,4
8,7,5,8,7,7,8,7,8,8,8,7,8,7,6,8,8,7,5,8,7,7,6,8,7,7,5,6,7,6,7,7,8,6,7,6,7,6,7,7,6,8,8,6,7,8,4,8,5,7,8,7,8,6,72.61,92.07,4,4,4,3,3,3,4,4,2,4,3,2,4,1,4,2,3,3,4,3,3,3,4,3,4,4,4,4,4,4,4,4,2,3,2,4,4,2,4,4,4,4,2,3,2,4,2,3,2,1,4,3,4,3
8,7,6,6,7,8,7,6,4,8,8,7,7,8,7,8,8,6,7,8,6,8,7,6,6,8,7,7,7,8,7,7,8,8,8,5,7,5,7,6,7,8,8,8,6,5,8,8,7,7,7,8,6,3,77.96,94.2,4,3,5,5,5,4,3,4,2,1,4,4,3,4,2,4,4,1,4,1,2,4,4,3,2,4,3,4,2,4,3,4,4,5,1,3,3,2,3,4,4,4,3,2,4,2,3,3,3,4,3,5,4,5
8,8,5,8,6,7,7,7,8,7,8,7,7,8,8,7,6,8,6,7,7,5,8,8,7,8,8,7,7,7,8,6,6,8,8,8,5,8,7,5,5,8,6,6,8,7,8,8,5,6,8,5,6,8,82.43,96.24,4,5,5,5,4,3,5,4,5,4,4,4,5,4,4,5,4,3,5,5,4,3,3,5,5,4,3,3,3,4,5,3,2,4,4,5,3,5,3,2,4,3,4,2,5,3,3,2,4,3,5,4,5,3
8,7,8,6,8,8,8,8,6,5,8,6,8,8,8,7,8,8,7,8,8,8,6,6,7,6,8,8,7,7,8,5,8,8,8,8,6,6,8,8,7,7,5,7,5,8,8,6,8,7,8,8,7,5,76.81,93.7,3,3,4,2,2,4,4,4,2,2,4,3,3,2,3,3,4,1,4,3,4,4,1,3,4,1,4,3,4,3,4,4,2,1,3,4,1,4,4,4,4,3,4,3,4,2,3,3,2,3,3,4,4,3
7,7,8,8,8,8,8,6,8,7,8,7,8,5,8,8,8,8,6,7,8,7,8,8,8,5,7,6,8,6,5,7,8,8,6,6,6,8,8,7,6,7,6,8,7,4,6,7,7,7,7,8,8,8,78.46,94.94,4,5,2,4,4,5,5,5,5,5,2,5,4,2,5,3,3,4,5,5,5,4,4,4,3,4,4,4,4,4,2,4,4,4,4,4,3,1,2,1,4,4,2,4,3,3,4,2,4,2,5,5,4,5
8,7,7,5,8,7,6,6,7,8,7,7,7,8,6,8,7,6,6,7,8,8,8,7,8,8,7,6,8,7,8,7,7,5,7,8,5,6,7,8,6,7,7,7,6,8,6,6,8,8,8,8,8,8,81.18,95.64,5,2,2,3,3,2,3,3,4,4,4,5,4,3,3,3,4,2,3,2,3,3,5,3,4,4,3,4,2,4,4,2,4,5,3,4,3,2,4,3,3,3,4,4,3,2,3,4,3,2,3,4,3,5
8,6,5,8,7,7,7,8,7,5,7,8,7,6,8,8,6,8,4,8,7,7,7,7,6,7,8,7,8,8,8,6,7,8,8,6,8,8,8,7,7,8,8,6,8,8,6,8,7,6,8,8,7,6,79.19,95.13,5,5,3,5,5,5,5,1,4,5,5,5,2,4,5,5,5,5,5,4,5,5,5,5,5,5,5,1,4,5,5,5,4,5,4,5,1,3,3,2,3,3,4,3,4,4,3,1,4,2,5,4,4,5
7,8,6,5,7,7,8,7,8,7,7,8,8,8,8,8,5,8,8,6,8,8,7,7,7,8,5,8,7,8,8,8,6,8,8,7,8,8,8,5,7,8,7,8,8,8,8,8,8,6,6,6,8,7,76.38,93.7,4,1,4,4,3,4,4,3,3,4,4,2,3,4,4,3,3,4,3,3,3,4,3,4,3,2,3,3,2,3,2,3,4,4,4,3,4,4,3,3,4,4,3,4,2,4,3,3,3,1,4,3,4,4
8,8,8,8,7,7,7,8,8,8,7,7,8,7,6,8,7,7,8,7,8,8,7,8,8,7,8,8,8,8,6,7,8,7,7,8,8,8,8,7,8,8,7,8,8,8,8,8,4,8,8,8,6,8,80.14,95.48,5,5,5,4,4,2,4,4,4,3,3,5,2,4,4,4,4,3,3,3,3,3,4,3,3,4,3,2,4,1,4,4,3,4,3,3,2,2,2,4,4,3,4,4,5,3,3,3,4,2,2,5,5,5
7,7,8,6,7,8,8,8,7,8,7,5,7,8,8,8,8,7,8,7,7,7,8,8,6,6,8,8,8,6,8,7,8,7,8,8,8,8,7,8,6,8,8,7,7,7,5,6,8,7,8,7,8,8,78.59,94.79,2,3,3,3,2,2,2,3,4,1,4,3,4,3,3,3,4,4,3,3,2,2,4,3,4,4,3,4,3,4,4,4,3,2,3,4,4,4,4,4,4,3,2,3,3,3,2,3,3,3,3,2,3,4
8,7,8,7,7,7,8,8,8,7,7,6,5,7,8,7,7,8,6,8,6,8,6,7,8,7,7,6,8,6,8,8,6,6,8,8,8,7,8,8,6,8,6,7,7,8,7,7,8,8,8,7,8,8,80.53,95.38,4,4,2,4,4,4,4,2,3,3,4,4,3,3,4,3,3,4,4,4,4,4,4,3,2,4,4,2,3,4,3,2,4,3,2,1,4,2,4,4,3,4,4,3,3,3,2,2,2,3,2,4,4,2
6,6,7,8,8,8,8,6,8,7,8,6,7,8,8,7,7,7,8,6,6,6,8,8,7,8,7,8,6,6,7,7,7,7,7,8,7,7,6,8,8,8,8,7,7,6,8,6,8,8,7,7,8,8,81.37,95.77,3,3,4,3,4,4,4,3,4,2,3,2,4,3,2,3,4,3,4,4,4,4,4,4,4,4,4,4,3,3,4,3,3,2,4,2,2,3,3,4,3,3,3,3,4,4,4,2,1,3,4,4,4,3
7,7,8,5,7,8,8,8,7,8,7,8,8,5,6,8,6,6,7,6,8,7,8,7,8,7,8,8,8,7,7,7,7,8,7,8,7,7,7,6,7,7,8,8,7,6,7,8,6,8,8,8,8,8,81.08,95.7,4,5,3,2,4,3,5,5,4,4,5,1,5,4,5,5,5,5,5,2,5,3,5,3,4,3,4,4,4,4,4,4,2,5,3,3,1,3,4,3,4,4,4,2,3,4,3,2,4,2,3,5,4,5
7,7,6,8,7,7,7,7,7,8,7,8,5,8,7,8,8,5,8,6,8,8,8,7,8,8,7,8,8,7,6,7,8,8,8,8,7,7,7,7,8,8,8,8,8,8,7,8,8,8,6,8,8,8,79.92,95.49,3,4,4,4,1,4,4,4,3,4,4,3,4,4,4,4,3,4,4,3,3,4,4,4,4,3,4,1,3,2,2,3,2,4,3,4,4,4,2,4,4,4,4,2,4,4,2,3,2,3,4,3,4,2
7,7,8,8,7,8,8,7,7,8,8,7,8,7,7,8,7,7,8,8,8,7,8,8,8,7,8,6,7,8,8,7,7,8,7,8,8,6,8,7,8,6,7,8,6,8,8,8,8,8,8,6,8,8,78.7,94.95,2,4,4,3,2,4,4,3,4,3,3,4,3,4,4,4,4,3,4,2,4,4,4,4,3,1,4,4,4,4,3,4,3,3,4,4,2,3,3,3,4,3,4,3,4,4,3,3,3,2,4,4,3,4
8,7,5,7,6,6,7,8,8,8,7,7,8,8,7,6,6,7,7,6,8,8,7,8,8,8,8,8,8,7,8,8,8,8,8,8,7,8,7,8,8,6,7,7,8,7,6,7,8,5,7,8,8,7,73.15,92.59,3,4,4,4,4,4,3,3,2,3,2,3,4,2,4,4,4,3,3,3,3,3,3,4,3,4,4,4,3,4,3,4,4,1,2,2,3,4,3,4,4,4,3,4,3,1,3,3,2,1,4,3,4,3
8,8,7,8,8,6,8,8,8,7,8,7,7,8,6,8,8,7,8,6,8,8,8,8,7,7,7,7,8,6,8,6,6,6,8,8,8,7,7,7,6,8,8,8,8,6,7,7,7,8,8,7,8,7,80.55,95.48,3,4,4,4,2,4,3,4,3,4,2,4,2,4,3,3,4,2,3,4,2,3,4,3,4,3,4,4,4,3,4,2,4,4,2,2,3,4,4,4,3,4,4,1,4,3,3,3,3,3,3,4,4,4
7,8,8,8,6,7,7,7,8,8,7,6,7,8,8,8,7,8,6,5,6,6,7,5,8,6,8,7,8,7,8,7,7,7,8,6,8,8,7,8,8,6,8,8,6,8,8,7,8,8,8,8,8,7,78.34,94.98,4,3,3,4,4,4,2,4,4,4,2,4,4,1,4,3,3,3,4,2,4,3,4,2,4,3,4,3,3,3,3,4,4,4,3,4,4,4,2,4,4,4,4,3,2,1,4,2,2,2,4,3,4,4
