"W1","A1","W2","A2","W3","A3","W4","A4","W5","A5","W6","A6","W7","A7","W8","A8","W9","A9","W10","A10","W11","A11","W12","A12","W13","A13","W14","A14","W15","A15","W16","A16","W17","A17","W18","A18","W19","A19","Top1","Top5"
0.204067914746702,0.143426083959639,0.521193813532591,0.946106299757957,0.902920540422201,0.497168115340173,0.126796126365662,0.251305917277932,0.213903826661408,0.163367648608983,0.560362795367837,0.353319719433784,0.833522608503699,0.0532429711893201,0.713517628610134,0.959629829972982,0.755848529748619,0.554798072203994,0.0420814007520676,0.891623827628791,0.736670549958944,0.625859012827277,0.111467881128192,0.315659712068737,0.0273975357413292,0.664497844874859,0.491688804700971,0.881043661385775,0.627683226019144,0.328294912353158,0.774865537881851,0.435472073964775,0.152355594560504,0.118829088285565,0.40498682949692,0.601254804059863,0.118162736296654,0.362009183503687,6.82,19.54
0.972531334497035,0.660416873171926,0.0584010230377316,0.48361892811954,0.282795369625092,0.877205707132816,0.911762858740985,0.795148873701692,0.589892468415201,0.871676987037063,0.40455259848386,0.898695995099843,0.420311136171222,0.580092996358871,0.0245291059836745,0.137887699529529,0.244884732179344,0.410217527300119,0.727196503430605,0.328214712440968,0.434900886379182,0.443078975193202,0.845630139112473,0.583678105846047,0.51998483762145,0.363967786543071,0.658206990920007,0.218920939601958,0.10794194880873,0.534317302517593,0.350183147005737,0.925387310795486,0.865855211392045,0.692674357444048,0.664508068934083,0.0224276967346668,0.639589139260352,0.860381686128676,0.1,0.5
0.552915086969733,0.266993205994368,0.316513536497951,0.631839822046459,0.0391088547185063,0.166109315119684,0.645513106137514,0.0540814595296979,0.487230529077351,0.591054860502481,0.774848042055964,0.619394287467003,0.64559717476368,0.957795458845794,0.89568904042244,0.283430464565754,0.306457561440766,0.801433373242617,0.848246485926211,0.626897906884551,0.0662544695660472,0.840607827529311,0.734677689149976,0.106073719449341,0.292479195632041,0.171188381500542,0.786825920455158,0.335022215731442,0.891319482587278,0.894519386813045,0.624239622615278,0.651648227125406,0.272661519236863,0.343431103043258,0.907851948402822,0.778447764925659,0.867057234980166,0.735496736131608,77.38,93.91
0.254910282790661,0.789049885235727,0.853892109356821,0.157138337381184,0.645561353303492,0.708263792097569,0.423288627527654,0.523486946709454,0.865149750374258,0.381760618649423,0.182607472874224,0.136524577625096,0.108366318047047,0.422175889834762,0.334556459449232,0.618777358904481,0.694268149323761,0.164696207270026,0.413253461010754,0.0633691074326634,0.762540303170681,0.0250210417434573,0.472195234149694,0.869191836565733,0.784207654185593,0.862846000120044,0.110145447775722,0.54789949208498,0.371586741879582,0.219682610593736,0.00082625076174736,0.145742226392031,0.74763944093138,0.971978654153645,0.147841978818178,0.355932095088065,0.376777790486813,0.236890359781682,0.04,0.49
0.462297991849482,0.412075902335346,0.149058011360466,0.862040096893907,0.20086436253041,0.570538210682571,0.0178252980113029,0.920144817791879,0.107404261827469,0.700160033069551,0.902925413101912,0.77899363450706,0.930079579353333,0.332708094269037,0.238729238510132,0.85557428188622,0.118102144449949,0.977087095379829,0.294142317958176,0.16897305753082,0.145694062113762,0.29190606996417,0.88464083429426,0.940115815959871,0.220597508363426,0.0979555500671268,0.223257701843977,0.821185111068189,0.610474253073335,0.735286794602871,0.178109196014702,0.0593255395069718,0.572223702445626,0.473447827622294,0.500475659035146,0.690690273419023,0.916948994621634,0.112811326049268,0.08,0.47
0.728808551095426,0.893970996141434,0.678573716431856,0.33332622423768,0.610036089085042,0.0540799908339977,0.802929791621864,0.376310921274126,0.729485476389527,0.272613484412432,0.061602788977325,0.480712528340518,0.315941594541073,0.797088072635233,0.554500668309629,0.0542028993368149,0.882636975497007,0.113790171220899,0.982921429909766,0.605549205094576,0.963133702985942,0.609124139882624,0.150479161180556,0.207268750295043,0.728136754594743,0.930235184729099,0.923713394440711,0.0458688605576754,0.153408414684236,0.378813208080828,0.696786684915423,0.549602665938437,0.409502623602748,0.836111925542355,0.303453970700502,0.173936128616333,0.340803130529821,0.609564355574548,73.99,92.83
0.812243811786175,0.0374139975756407,0.946340127848089,0.559981108643115,0.868364186957479,0.780494797043502,0.506437074393034,0.648487187922001,0.316522471606731,0.0532317962497473,0.679832570254803,0.0139097552746534,0.618131017312407,0.678697230294347,0.433588735759258,0.398960134014487,0.567149849608541,0.722898634150624,0.596429791301489,0.435497606173158,0.53583203162998,0.240967031568289,0.261431495659053,0.731503994204104,0.459556149318814,0.597108541056514,0.553060029633343,0.400165094062686,0.84683704469353,0.0500466339290142,0.453295471146703,0.775490252301097,0.940195270814002,0.190237819217145,0.0619339654222131,0.931436306796968,0.16195226367563,0.984437116421759,0.14,0.54
0.0122861173003912,0.516440411098301,0.476027673110366,0.0258881440386176,0.441613582894206,0.344122212380171,0.284074804745615,0.17908027023077,0.940533282235265,0.981763248331845,0.277018315158784,0.749699558131397,0.128020046278834,0.205546817742288,0.867450154386461,0.690499726682901,0.433581681922078,0.367383569478989,0.157284460961819,0.871953115798533,0.355218131095171,0.925382108427584,0.523913596756756,0.495714545249939,0.967701395973563,0.437200737185776,0.346836447715759,0.749848845414817,0.389764573425055,0.812713463790715,0.921678588725626,0.269953770563006,0.0394407780840993,0.623228245414793,0.759443486109376,0.445871111936867,0.58188253454864,0.487934649921954,71.31,90.96
0.0381093807518482,0.0304723139852285,0.0300815515220165,0.23202065564692,0.112738518044353,0.00898962654173374,0.986439052037895,0.430627193301916,0.900225825607777,0.359054597094655,0.237999788485467,0.313993177376688,0.658044080249965,0.509646253660321,0.448986801318824,0.753201824612916,0.926163776777685,0.45736088603735,0.386736035346985,0.391033581458032,0.320641406811774,0.268742306157947,0.06324278190732,0.381551319733262,0.102008787915111,0.0104891965165734,0.445799780078232,0.309392446652055,0.512597380205989,0.122242433018982,0.341556699946523,0.380609713494778,0.0111400680616498,0.244024395011365,0.647745084948838,0.25330148730427,0.77902464941144,0.0650812098756433,45.01,71.67
0.769707823172212,0.5407036812976,0.547558252699673,0.697750229388475,0.701612802222371,0.615657900460064,0.209407411515713,0.898054163902998,0.280096339061856,0.676259026862681,0.82834816724062,0.921905683353543,0.0880993483588099,0.106834418140352,0.758275147527456,0.0867769112810493,0.0735874017700553,0.570657813921571,0.827842120081186,0.829564239829779,0.507176684215665,0.584375369362533,0.831095868721604,0.640772248618305,0.593795830383897,0.95945848710835,0.653335489332676,0.588675967417657,0.21954873483628,0.76381503418088,0.783329860307276,0.886513985693455,0.97049677465111,0.567397111095488,0.407754650339484,0.861547122709453,0.480191958136857,0.56354443076998,0.07,0.59
0.689324733801186,0.402880686335266,0.827524093911052,0.408476845361292,0.94523115362972,0.342001909390092,0.475382558070123,0.139408621005714,0.672065153717995,0.896334278397262,0.459992560558021,0.580115190707147,0.845000517554581,0.480154801160097,0.129184450022876,0.492027246393263,0.383092583157122,0.211793521419168,0.69095350895077,0.125607656314969,0.99398728273809,0.202241150662303,0.690098948776722,0.165129568427801,0.34279368724674,0.513197664171457,0.776089791208506,0.982364664785564,0.780209456570446,0.686513775028288,0.0581664415076375,0.659283726476133,0.375365307554603,0.468642083927989,0.164418491534889,0.119076859205961,0.0181689010933042,0.938660166226327,62.6,87.14
0.487267422489822,0.916102804243565,0.344836584292352,0.880546971224248,0.370027589611709,0.782646809704602,0.690160255879164,0.657886344008148,0.0539113078266382,0.0762085020542145,0.613788571208715,0.159693973138928,0.401028295047581,0.889812559820712,0.570261362940073,0.668268690817058,0.616666139103472,0.817308582365513,0.000213642604649067,0.564014815725386,0.178560835309327,0.885067406110466,0.454472308978438,0.937027988024056,0.835440407507122,0.454354635439813,0.0779230305925012,0.136648183688521,0.487152270972729,0.451133459806442,0.566832674667239,0.169371052645147,0.604486079886556,0.846685610711575,0.904896758496761,0.508511891588569,0.723224844783545,0.439961641095579,0.23,1.03
0.29549285210669,0.289174351841211,0.644397017545998,0.0859237611293793,0.783485070802271,0.933678088709712,0.845256919972599,0.773050100542605,0.796044175513089,0.753979131579399,0.330940053798258,0.802716397680342,0.574426499195397,0.855302932672203,0.973701949231327,0.931601750664413,0.196741729974747,0.00465036742389202,0.134888884611428,0.668371330015361,0.796139364130795,0.680883128196001,0.932836008258164,0.756975522264838,0.146113221533597,0.693854393437505,0.214474963955581,0.48634980712086,0.749485462903976,0.96673038508743,0.737140922807157,0.00481122918426991,0.717400864697993,0.348145770840347,0.2592852441594,0.413614009507,0.202833788469434,0.315989985130727,0.07,0.46
0.529044169932604,0.779812960885465,0.185189742594957,0.60945793800056,0.405562502332032,0.440725536085665,0.0683325231075287,0.305632189847529,0.414197622798383,0.218514057807624,0.73576839081943,0.44184946641326,0.179529373534024,0.26496215723455,0.287751827389002,0.221124918200076,0.803011208772659,0.899230908602476,0.571842663921416,0.106917768716812,0.093934116885066,0.496514269150794,0.164982321672142,0.0173012828454375,0.654198796488345,0.275635288096964,0.889538129791617,0.644627328962088,0.0188529463484883,0.170799380168319,0.13789800927043,0.510352658107877,0.301025156863034,0.961312939412892,0.561775229871273,0.959787159226835,0.556383053772151,0.812650865875185,42.2,69.96
0.945609557442367,0.167624250985682,0.43989188876003,0.273610915057361,0.147289216518402,0.729580758139491,0.364611580036581,0.532886592671275,0.50660374481231,0.498442620970309,0.115598891861737,0.0375578934326768,0.887359316460788,0.134374831803143,0.666602137498558,0.325589722953737,0.739606870338321,0.258259292691946,0.943045001477003,0.934195889160037,0.405024969950318,0.848694059997797,0.305979357101023,0.539574816823006,0.409114945679903,0.189208424650133,0.509123438969254,0.784324407577515,0.98187434207648,0.279537091962993,0.895125865936279,0.783481423743069,0.833655761554837,0.0649504829198122,0.803303671069443,0.2158367857337,0.938056292943656,0.6875244313851,0.05,0.4
0.245505151338875,0.653563180938363,0.980520879849792,0.812273715622723,0.542788799852133,0.144823581911623,0.579282004386187,0.0144074391573668,0.126733756624162,0.536829041317105,0.958813572302461,0.71091827377677,0.366482052020729,0.731564447283745,0.102675285190344,0.522446532733738,0.260153664276004,0.644996462389827,0.255969144403934,0.372617875225842,0.704779476858675,0.031522267498076,0.541606365703046,0.310629711486399,0.916595354676247,0.778801877051592,0.340011148713529,0.0676019312813878,0.251248454675078,0.606652753427625,0.479964542202652,0.293198277242482,0.186555838212371,0.748414415866137,0.000324955210089684,0.668320866301656,0.303337210789323,0.191112683154643,42.85,69.57
0.154549235478044,0.493622331880033,0.286009840667248,0.516204985789955,0.671629047952592,0.225598754361272,0.885254878550768,0.570218481123447,0.827858258038759,0.305331597104669,0.907366042025387,0.513460550457239,0.0455649122595787,0.230300768278539,0.350325535051525,0.162252362817526,0.816928890533745,0.399429519660771,0.464975392445922,0.510042358189821,0.824344157241285,0.16552000772208,0.0336882211267948,0.220966379158199,0.472143575549126,0.312684533186257,0.5637929122895,0.0264044208452106,0.826893015764654,0.859581733122468,0.24902443215251,0.690750551410019,0.200135628692806,0.386408270336688,0.955066546797752,0.89693405199796,0.814160752110183,0.16921420302242,72.63,91.89
0.919350791722536,0.953011427074671,0.760381416417658,0.0541451247408986,0.0183016313239932,0.648776200599968,0.170851483009756,0.102091036736965,0.446042252704501,0.722144686616957,0.00259458459913731,0.246368349529803,0.708284020423889,0.639973694458604,0.911139626055956,0.99779568426311,0.183316138572991,0.504916689358652,0.780837329104543,0.198588757775724,0.00311166420578957,0.980626141652465,0.798550942912698,0.989101300016046,0.979497510939837,0.653265846893191,0.269709284417331,0.872151410207152,0.408730434253812,0.00316870491951704,0.625856189988554,0.200320300646126,0.787422179244459,0.804003304801881,0.225818227045238,0.475761397741735,0.429430136457086,0.670849091373384,0.19,0.65
0.617776232771575,0.119875947013497,0.614685187116265,0.843052290380001,0.276506712660193,0.42188430018723,0.404632478952408,0.861145696602762,0.599971871823072,0.940294231288135,0.630473808385432,0.2795648612082,0.482639549300075,0.759395369328558,0.0402236459776759,0.580779321491718,0.367813753895462,0.146186864934862,0.644223622046411,0.776111052371562,0.497685104608536,0.364591370336711,0.656329415738583,0.451079738326371,0.207062364555895,0.819390319287777,0.144142529927194,0.697424376383424,0.590531874448061,0.425683392211795,0.39971427898854,0.474555322900414,0.320098228752613,0.169604033231735,0.483321575447917,0.731429554522038,0.0767255742102861,0.795726709999144,41.78,68.69
0.323922065086663,0.574565307237208,0.0889230696484447,0.367800747975707,0.912257144227624,0.952491370029747,0.681778128258884,0.34252158459276,0.220071217045188,0.0244646146893501,0.287194652482867,0.984165758825839,0.77133927308023,0.356537904590368,0.729042392224073,0.258959019556642,0.632423686794937,0.759517406113446,0.0782396076247096,0.464532995596528,0.674492861144245,0.546875497326255,0.425646504387259,0.714310210198164,0.715274189598858,0.152159313671291,0.944238172844052,0.418171367608011,0.172375955618918,0.688410780392587,0.975275039672852,0.979999715462327,0.66933610662818,0.516901349648833,0.711104546673596,0.153944985941052,0.68029388319701,0.294340477325022,0.15,0.84
0.398260820657015,0.201482084579766,0.915827729739249,0.666941621340811,0.498565055429935,0.830207174643874,0.774499218910933,0.227094610221684,0.993442230857909,0.8311453089118,0.500439944677055,0.118853548541665,0.190706891939044,0.384673295542598,0.820719021372497,0.0279231388121843,0.05625887401402,0.0718439249321818,0.212914551608264,0.303017027676105,0.292273747734725,0.753381014801562,0.962420490570366,0.597492075525224,0.279860774986446,0.886765329167247,0.830757170915604,0.208851605653763,0.934701071120799,0.204062439501286,0.828202621079981,0.814482412301004,0.524437948130071,0.0222751023247838,0.0773490946739912,0.799434543587267,0.144257803447545,0.418396861292422,0.39,1.44
0.661109024658799,0.742962991818786,0.382507562637329,0.13779982086271,0.815940756350756,0.294411682523787,0.0599580323323607,0.69521585572511,0.373343291692436,0.133571575395763,0.410155829042196,0.633040799759328,0.55532961152494,0.981817225925624,0.386539053171873,0.819384559988976,0.943991975858808,0.958608985878527,0.525112478993833,0.991547736339271,0.59792573004961,0.0684852860867977,0.197558361105621,0.364528840407729,0.772381498478353,0.0789101542904973,0.0076227830722928,0.925543588586152,0.32918344065547,0.910145387984812,0.296830805018544,0.324659145437181,0.487945194356143,0.666188965551555,0.86909690964967,0.316188449971378,0.599332850426435,0.921651222743094,50.6,78.02
0.860389200039208,0.326086796820164,0.242559279315174,0.973768906667829,0.572375350631773,0.505008583888412,0.263435028493404,0.467514196410775,0.703788728453219,0.415418216027319,0.78593888040632,0.853738376870751,0.253758259117603,0.605143748223782,0.507695416919887,0.726582666859031,0.505580063909292,0.317533419467509,0.896040389314294,0.0378352524712682,0.901154439896345,0.718136594630778,0.339779765345156,0.824669540859759,0.0409026388078928,0.385933573357761,0.375469067133963,0.504872993566096,0.671063164249063,0.518699046224356,0.553080214187503,0.0982757359743118,0.89276809617877,0.29765884205699,0.609511241316795,0.570376511663198,0.902931872755289,0.546771011315286,0.06,0.5
0.0645816503092647,0.870558398775756,0.709105895832181,0.440225463360548,0.241328899748623,0.119611465372145,0.540718439035118,0.986152136698365,0.0856042159721255,0.612008476629853,0.132086254656315,0.402057691477239,0.992407992482185,0.0148180844262242,0.191754270344973,0.425407711416483,0.4946632348001,0.71208034735173,0.334208680316806,0.726242458447814,0.208768150769174,0.400422614067793,0.570462330244482,0.0887673795223236,0.532816408202052,0.585890956223011,0.708033334463835,0.346564974635839,0.0655369674786925,0.343922828324139,0.0720009179785848,0.604334741830826,0.117738388478756,0.886899033561349,0.319227765314281,0.0559419449418783,0.354087826795876,0.0432808687910438,0.86,3.4
0.0745041612535715,0.450304304249585,0.228985488414764,0.0624123187735677,0.990842229686677,0.150533806532621,0.093982863239944,0.684961727820337,0.51018073130399,0.383583736605942,0.634367980994284,0.0291452640667558,0.739545403979719,0.973308691754937,0.21699486579746,0.0612109871581197,0.646142146550119,0.0939848916605115,0.391911837272346,0.637550018727779,0.284819439053535,0.985494730994105,0.926219198852777,0.794662652537227,0.709120389074087,0.7422253806144,0.180105210281909,0.567452093586326,0.741619095206261,0.955395504832268,0.0977946119382977,0.896164682693779,0.90471520088613,0.756890553981066,0.331896476447582,0.901168406009674,0.0434956848621368,0.699744379147887,0.1,0.43
0.874400097876787,0.995630411431193,0.691427269019186,0.523440721444786,0.323842878453434,0.724113899283111,0.816707529127598,0.142621225677431,0.138097985647619,0.581157950684428,0.291120370849967,0.730801220983267,0.0143264895305037,0.375174491666257,0.528845116496086,0.848836108110845,0.354097149334848,0.996282569132745,0.830932713113725,0.0759724853560328,0.606112937442958,0.176219317130744,0.163798132911325,0.0578000834211707,0.217145346105099,0.285919324494898,0.981513116508722,0.284235621802509,0.0267250360921025,0.157576241530478,0.527116632089019,0.402194720692933,0.114059628918767,0.433519022539258,0.598742368631065,0.480056697502732,0.713401579298079,0.202379805967212,64.61,87.24
0.666575002484024,0.0767991691827774,0.933429347351193,0.35958886705339,0.0644695367664099,0.450335096567869,0.614176518283784,0.886054702103138,0.784705233760178,0.862054970115423,0.919104573316872,0.764002257026732,0.802593194879591,0.00673697516322136,0.392304322682321,0.697497316636145,0.165570789016783,0.356001324020326,0.717638241127133,0.902518180198967,0.892724051140249,0.543994499370456,0.302830539643764,0.502070687711239,0.970039677806199,0.249236828647554,0.604146786034107,0.14472374971956,0.974012712948024,0.267102632671595,0.252360174432397,0.174842739477754,0.520851721055806,0.532273818738759,0.856245120987296,0.719016489572823,0.784821973182261,0.327260211110115,0.26,1.27
0.400126692838967,0.617425600998104,0.396157409064472,0.835761241614819,0.749047795310616,0.924313324503601,0.328709628432989,0.410386018455029,0.410692623816431,0.165465190075338,0.0143014211207628,0.499855007976294,0.451393187977374,0.596072130836546,0.830086894333363,0.392241979949176,0.83467619959265,0.734891657717526,0.0287394430488348,0.34106414578855,0.215977359563112,0.351912337355316,0.536931177601218,0.270069771446288,0.477702775038779,0.785118449479342,0.312351983971894,0.986507276073098,0.259111991152167,0.596236285753548,0.872598760761321,0.685047725215554,0.49998286459595,0.154229569248855,0.0879348339512944,0.141715115867555,0.458646960556507,0.824860118329525,4.94,14.46
0.318211931735277,0.244346178136766,0.600991503335536,0.130385271273553,0.16372311860323,0.79592514783144,0.237957368604839,0.0176190827041864,0.684197090566158,0.97212681081146,0.789795025251806,0.603166184388101,0.52409113291651,0.631466711871326,0.735240153037012,0.129015180282295,0.47725161164999,0.422519358806312,0.147909430786967,0.422712240368128,0.817194547504187,0.0890417732298374,0.0776716144755483,0.418144213035703,0.542762494646013,0.0509853968396783,0.417531727813184,0.636500743217766,0.504843516275287,0.1118802446872,0.948426701128483,0.520505911670625,0.323836104944348,0.650816045701504,0.700274547562003,0.810672719031572,0.998539572581649,0.950926013290882,76.03,93.32
0.616154516115785,0.699890043586493,0.0713691636919975,0.658609100617468,0.526020634919405,0.328478178940713,0.960788384079933,0.559964830055833,0.0582102257758379,0.0553132407367229,0.136034741997719,0.148601578548551,0.221968189813197,0.220800412818789,0.0501432195305824,0.968291566707194,0.522989712655544,0.543594450689852,0.582781815901399,0.861118926666677,0.0114815002307296,0.779764496721327,0.84009303431958,0.682365494780242,0.0348551301285625,0.977494763210416,0.74896683730185,0.482278242707253,0.227304506115615,0.751556958071887,0.426576341502368,0.0259222900494933,0.657448118552566,0.0376500766724348,0.495929104276001,0.327609581872821,0.258357941173017,0.451213359832764,0.07,0.67
0.90918415505439,0.368701951578259,0.30348816793412,0.447580885142088,0.768784009851515,0.617211051285267,0.726061402820051,0.285391976125538,0.895977914333344,0.274420036002994,0.512201244942844,0.369303694926202,0.961161716841161,0.348458108492196,0.936924292705953,0.609917244873941,0.957617035135627,0.183711604215205,0.96188463177532,0.156429917551577,0.489560368470848,0.381853688508272,0.701060743071139,0.128475744277239,0.778047045692801,0.549848947674036,0.868429591879249,0.0887700133025646,0.772448946721852,0.67309888266027,0.669428578577936,0.299172520637512,0.188157067634165,0.934012287296355,0.236343078315258,0.567072906531394,0.235974631272256,0.0763360839337111,81.09,95.71
0.140782463364303,0.827236571349204,0.77415163256228,0.982160555198789,0.420159135945141,0.00719346757978201,0.440488133579493,0.761047785170376,0.268060261383653,0.69024917203933,0.421824637800455,0.886374847963452,0.285012236796319,0.750322438776493,0.371900096535683,0.292074088938534,0.0426319744437933,0.7813188014552,0.276646028272808,0.594961056485772,0.681885652244091,0.689773418940604,0.466959520243108,0.895617951638997,0.27026610262692,0.484170875512064,0.0431894836947322,0.809547514654696,0.494918502867222,0.439728929661214,0.205683175474405,0.808771476149559,0.79106751549989,0.250547646544874,0.942153814248741,0.0526995239779353,0.507494075223804,0.575799575075507,0.18,0.59
0.239314366132021,0.042299535125494,0.453526932746172,0.690337587147951,0.291326163336635,0.113350976258516,0.0240492559969425,0.314909282140434,0.714851596392691,0.468562935478985,0.463887776248157,0.829680303111672,0.119345616549253,0.256440333090723,0.112592346034944,0.902146261185408,0.598919128067791,0.0443724319338799,0.438931887038052,0.272439862601459,0.788884436711669,0.573649327270687,0.959775257855654,0.571580572985113,0.840998666360974,0.924332140013576,0.798098819330335,0.846476382575929,0.926947207190096,0.218048519454896,0.444233144633472,0.206324107944965,0.837851502001286,0.61450687982142,0.0209126519039273,0.265500817447901,0.109870350919664,0.534588105976582,0.13,0.54
0.943507188931108,0.529092944227159,0.998138246126473,0.223686227574944,0.897778632119298,0.51102379988879,0.809401272796094,0.856545495800674,0.0888951001688838,0.504027536138892,0.617713246494532,0.406344666145742,0.626790124922991,0.845821352675557,0.672794781625271,0.187833426520228,0.400837753899395,0.923229629173875,0.752708614803851,0.960846588015556,0.10241022426635,0.263908078894019,0.192410225048661,0.343626273795962,0.333336820825934,0.107688796706498,0.0978873884305358,0.00472337938845158,0.336939211934805,0.918214885517955,0.930684067308903,0.716012947261333,0.175125535577536,0.196912568062544,0.784828959032893,0.873563496395946,0.631401209160686,0.0320987105369568,58.7,83.81
0.519373443908989,0.414949216879904,0.626734113320708,0.887904300354421,0.655069156549871,0.284253764897585,0.512176111340523,0.113528784364462,0.990139410831034,0.786843586713076,0.249737157486379,0.0645501110702753,0.432266751304269,0.723469928838313,0.309328912757337,0.358759187161922,0.087303708307445,0.283058056607842,0.639627534896135,0.00591340474784374,0.396792047657073,0.897719766013324,0.332659371197224,0.850519903935492,0.603879722766578,0.427467371337116,0.472199047915637,0.425700834020972,0.663302654400468,0.527925330214202,0.156906072050333,0.9901253124699,0.705818901769817,0.831312070600688,0.541492681019008,0.114567958749831,0.874647727236152,0.407225010916591,0.22,0.95
0.282221990637481,0.904733316972852,0.17160119023174,0.41686658654362,0.0349440155550838,0.840122203342617,0.289078067056835,0.589039634913206,0.362191270105541,0.248456693254411,0.840056166052818,0.675377055071294,0.813739227131009,0.125320319086313,0.999491721391678,0.551535794511437,0.912445495836437,0.685383148491383,0.0754845887422562,0.694444586522877,0.712279500439763,0.20515645109117,0.569751089438796,0.109852947294712,0.0958539908751845,0.603011704981327,0.678666649386287,0.70894783269614,0.0733031993731856,0.358951279893517,0.718062630854547,0.495695947669446,0.305067389272153,0.484013569541276,0.278065159916878,0.503941806964576,0.384446932934225,0.909465720877051,60.34,84.45
0.496694022789598,0.277808694168925,0.841278557665646,0.617727039381862,0.620518551208079,0.938662752509117,0.135949339717627,0.981550989672542,0.604434821754694,0.926215878687799,0.119455841369927,0.287031445652246,0.148275488987565,0.0983141418546438,0.591408818028867,0.782709645107388,0.273780385032296,0.498026115819812,0.194654874503613,0.541965163312852,0.31320289708674,0.470104114152491,0.0441464306786656,0.196157905273139,0.906999715603888,0.373750534839928,0.533814411610365,0.918084215372801,0.819026648066938,0.87455587554723,0.603458737954497,0.330158488824964,0.386732678860426,0.976686930283904,0.886361340992153,0.41719214618206,0.908732653595507,0.783559178933501,0.51,2.42
0.702839720994234,0.791885291226208,0.362329702824354,0.0931575894355774,0.193767917342484,0.435956402681768,0.921164459548891,0.439904762431979,0.232382444664836,0.109011922031641,0.96276125498116,0.957416356541216,0.605672808364034,0.500163125805557,0.154419660568237,0.120017975568771,0.725982109084725,0.595666449517012,0.504771407693624,0.230387579649687,0.515347138978541,0.66036094352603,0.811511102132499,0.967095913365483,0.414781433530152,0.658666891977191,0.367051967419684,0.197276175953448,0.416602523997426,0.0122186355292797,0.0215497808530927,0.840216847136617,0.600227408111095,0.332773774862289,0.184945538640022,0.963304350152612,0.332538656890392,0.28311244957149,39.25,68.24
0.775654452852905,0.156009714119136,0.012542418204248,0.804063742049038,0.453072100877762,0.646674677729607,0.656135417521,0.714037955738604,0.81551318988204,0.326192056760192,0.342700430192053,0.553120736032724,0.335220720618963,0.881719350814819,0.767645276151597,0.458908205851912,0.785601738840342,0.235643412917852,0.883660354651511,0.806689174845815,0.985571731813252,0.0598587105050683,0.671261833049357,0.476071421988308,0.648152284324169,0.868676833808422,0.234774743206799,0.372307238169014,0.582670245319605,0.433944613672793,0.765380495227873,0.613955874927342,0.00703491177409887,0.701304144226015,0.426473145373166,0.20481235999614,0.169588759541512,0.15799643099308,72.06,91.61
0.0116905062459409,0.808843055274338,0.0890578161925077,0.303611734183505,0.107583157951012,0.322092627175152,0.876,0.550414616474882,0.249265270540491,0.747092907782644,0.519618480699137,0.125442951451987,0.880988432792947,0.876,0.286884533474222,0.619077705545351,0.850202217930928,0.696168965194374,0.203070739284158,0.360072961309925,0.248579238541424,0.63285810011439,0.115205567795783,0.134622164303437,0.124,0.156614581588656,0.0361650320701301,0.426520665874705,0.0169249649625272,0.11473844689317,0.129657821496949,0.153809928800911,0.0843281282577664,0.483635421143845,0.879260843852535,0.111149449832737,0.957777878968045,0.118603105889633,0.27,1.73
0.0153185804374516,0.805012033786625,0.246963141020387,0.253297582967207,0.124,0.249761587241665,0.880472264951095,0.591360452352092,0.227928682463244,0.560737937688828,0.600853584939614,0.168394512031227,0.693325070664287,0.876,0.267310920637101,0.628363762516528,0.882145178038627,0.737743436358869,0.0743131339550018,0.305550148244947,0.369229287840426,0.720855270046741,0.0811106511391699,0.0933807494584471,0.0224808242637664,0.239544419804588,0.101826720871031,0.316074193455279,0.0864907966461033,0.0129471658729017,0.0739467767998576,0.25948195066303,0.190546679310501,0.493747596861795,0.873408999294043,0.124,0.876,0.103835106128827,0.46,1.35
0.0409069426823407,0.858030003961176,0.0837625674903393,0.26726209348999,0.156077886233106,0.341854686150327,0.995272026862949,0.746076982701197,0.278701451141387,0.559175560483709,0.580548986094072,0.175462724175304,0.664014325477183,0.875181636074558,0.240989376790822,0.618124363478273,0.930479073897004,0.728646432049572,0.00954531831666827,0.275711967609823,0.340256960364059,0.623998497612774,0.139035888016224,0.124,0.124,0.233732135035098,0.0664841495454311,0.472933676326647,0.102927785832435,0.151344183133915,0.15430143661797,0.301099298056215,0.0372252217493951,0.533317974535748,0.81315456260927,0.0407540514133871,0.876,0.253910241648555,0.55,2.51
0.0595134969335049,0.99234531680122,0.0789324901998043,0.453639627201483,0.0180329808499664,0.303654632763937,0.998008289374411,0.582065510097891,0.240351253421977,0.553150480845943,0.54242242872715,0.317326475866139,0.74214722844772,0.830703712068498,0.245638818480074,0.608058848883957,0.903486715629697,0.741205055965111,0.201539185130969,0.289015250746161,0.370540480595082,0.616306477459148,0.0674643823876977,0.0140110694337636,0.0164676341228187,0.181813978357241,0.104803612222895,0.505469711497426,0.00750410137698054,0.0663797107990831,0.124,0.150870681973174,0.124,0.391037942143157,0.920262220781296,0.124,0.850935042602941,0.206881043035537,0.11,0.58
0.0424412917345762,0.78271215618588,0.246160431997851,0.403045322978869,0.00645419885404408,0.326669179368764,0.921437636949122,0.572677176678553,0.220922725275159,0.578929570503533,0.702941485447809,0.292291332967579,0.770309732761234,0.837696990463883,0.35979569144547,0.695903747342527,0.928192522842437,0.83005257579498,0.212356691248715,0.288665052736178,0.422316037816927,0.665609361371025,0.251051739091054,0.136258263839409,0.124,0.304745075292885,0.158345408039168,0.31266720732674,0.0240733451209962,0.0322319006081671,0.0915940380655229,0.0976742103230208,0.0393277886323631,0.448593290988356,0.855194266652688,0.124,0.943337164353579,0.135530453175306,48.78,75.11
0.0836818573772907,0.280906595056877,0.338823457015678,0.0552359353750944,0.407138727605343,0.171540724579245,0.294690148672089,0.349872795399278,0.0856904052197933,0.671898193657398,0.184609413146973,0.021876051556319,0.416567137464881,0.286818638676777,0.076995745068416,0.72570432163775,0.333318870514631,0.351908719865605,0.265851963311434,0.525052259908989,0.689388764556497,0.41413844935596,0.5356861196924,0.375478182220832,0.0340637916233391,0.6509230483789,0.640169908991084,0.199892939766869,0.24079789663665,0.114233585773036,0.367544596781954,0.315908999880776,0.0328159760683775,0.145443639950827,0.749666886404157,0.332382582128048,0.756799876060337,0.045028870459646,0.13,0.67
0.0342687716949731,0.21220517042093,0.466118122683838,0.0786959563847631,0.457014771644026,0.159517329186201,0.214269669959322,0.235763680189848,0.205905097536743,0.612636472098529,0.0171834987122566,0.0184966032393277,0.347926172660664,0.356549224583432,0.124,0.637056919047609,0.328992833849043,0.350717237219214,0.243748857406899,0.486811547074467,0.76962934830226,0.333319365978241,0.484136247774586,0.286026685964316,0.0386938841547817,0.662325951969251,0.763243574649096,0.192078662570566,0.152273116633296,0.0849889263045043,0.330923173809424,0.154958914965391,0.133674988057464,0.264408136485144,0.762343947310001,0.385824615135789,0.88668777567707,0.0588594584260136,0.32,1.04
0.0333755649626255,0.400167945772409,0.239503552438691,0.114736804971471,0.533412557560951,0.0192175649572164,0.297747221542522,0.244974169880152,0.166154445545748,0.732186987064779,0.197681735735387,0.16204407857731,0.332014608429745,0.275882385903969,0.184233698062599,0.394380178768188,0.336307752411813,0.530083287972957,0.167788504390046,0.272910018917173,0.721058276947588,0.259695430519059,0.411899798316881,0.43682654434815,0.0955472749192268,0.875195535132661,0.572376921074465,0.120614662766457,0.223473800811917,0.0378768814262003,0.340646441560239,0.143338795751333,0.152759271673858,0.189962443361059,0.723437774227932,0.411990519845858,0.880577908664942,0.144945833366364,0.59,2.02
0.124,0.322925042361021,0.33673503017053,0.0671307216398418,0.399637395283207,0.0273575000464916,0.313892445294186,0.213684590999037,0.166318536201492,0.604149534832686,0.0984270246699452,0.224943445762619,0.444805584847927,0.40870251134038,0.0680052875541151,0.565937782870606,0.315305674914271,0.406957471044734,0.060371522558853,0.35620548389852,0.712654406903312,0.351998304249719,0.334401422645897,0.37045560288243,0.19849831215106,0.846406775526702,0.490691301878542,0.0749659086577594,0.26056033722125,0.158857538830489,0.446769472677261,0.207042913883924,0.10473033413291,0.244972292963415,0.707920859567821,0.329043566249311,0.842542945010588,0.124811726622283,0.21,0.95
0.154712466988713,0.330604467075318,0.146909348433837,0.352697165217251,0.476058208849281,0.0143289328552783,0.297474984079599,0.183579654200003,0.139068958513439,0.679345498559996,0.188346188981086,0.0325039555318654,0.450159357162192,0.381743885809556,0.10306714172475,0.610979621531442,0.39723904337734,0.490311387460679,0.271422732388601,0.409856612561271,0.876,0.355565734673291,0.301722483942285,0.232496762648225,0.0866297944448888,0.821637529646978,0.647584966616705,0.112311385571957,0.159216467291117,0.0907402709126472,0.355920250993222,0.18572008702904,0.211866607820615,0.10244950093329,0.830769404303282,0.444577130954713,0.808835200034082,0.120045672403648,51.23,77.65
0.00910172937437892,0.311519102891907,0.371152504347265,0.0644759736023843,0.503552521578968,0.00871297780051827,0.380364816403016,0.159386510727927,0.242985396344215,0.433057288173586,0.112908131442964,0.0599896560888737,0.442409153096378,0.242233854718506,0.160767985740677,0.538947020657361,0.247600487899035,0.307923246873543,0.0642447888385504,0.33981567248702,0.668327466817573,0.355489930137992,0.440834220964462,0.37698419787921,0.124,0.709126640576869,0.545890186913311,0.0405312716029584,0.167096233461052,0.0155582283623517,0.385139957070351,0.0979373853188008,0.0787407085299492,0.24015370772779,0.804923920426518,0.193394683534279,0.951460464926437,0.124,0.24,1.57
0.00983157916925848,0.261551469797269,0.445710272993892,0.112794913351536,0.519366716966033,0.0926708766967058,0.352121517760679,0.14789301645942,0.276231211075559,0.468101674690843,0.104654855793342,0.0888203950598836,0.501242380589247,0.313865968259051,0.0944219816010445,0.528835827251896,0.378094598185271,0.422443903982639,0.175007961457595,0.357688462361693,0.814911058638245,0.20804979139939,0.35619327891618,0.374924100935459,0.158612693659961,0.745178462238982,0.695889191702008,0.124,0.222181203775108,0.0275757915806025,0.526864231331274,0.289426539558917,0.076579230139032,0.228234106140211,0.758539578877389,0.221340053481981,0.867939730942249,0.124,0.21,1.07
0.0369563922286034,0.441836429294199,0.3885228629224,0.0991716010030359,0.403838354395702,0.258301176130772,0.0747146550565958,0.133410545997322,0.206433842588216,0.539435796672478,0.147370466031134,0.29270174074918,0.556375924032182,0.3810654359404,0.148272630991414,0.600523412926123,0.261368707753718,0.365889114327729,0.124,0.308141858782619,0.659164386801422,0.317421909887344,0.267120542004704,0.324695753632113,0.165743897669017,0.721223147818819,0.428708234336227,0.151957306545228,0.0839214406441897,0.00877354270778596,0.335857628146186,0.148176277056336,0.0902467285525054,0.113887626841664,0.77118873083964,0.296580781461671,0.77592328453809,0.144479193724692,0.27,0.98
0.00940176215954125,0.32455072645098,0.492246296489611,0.0928864791058004,0.746382582234219,0.0740001140404493,0.285750026581809,0.293372899061069,0.221891964949667,0.562587249325588,0.0581051332410425,0.195146869169548,0.589188950136304,0.436046129325405,0.124746763380244,0.452379820169881,0.283358642132953,0.275717716198415,0.0199247973505408,0.290184990037233,0.702617859002203,0.326283718692139,0.285564198624343,0.384957475820556,0.124,0.758253960404545,0.580080407904461,0.074449552455917,0.124,0.0121958528179675,0.331746546085924,0.311966195236892,0.141140287043527,0.258870524983853,0.75025518075563,0.360888130497187,0.745804958812892,0.124,0.14,1.14
0.00158570217899978,0.393196605611593,0.324222739087418,0.249926574761048,0.554872249253094,0.00396682059019804,0.399811872979626,0.194665237562731,0.215569573385641,0.608597601065412,0.115578734781593,0.160020383540541,0.476352048106492,0.338715849909931,0.0603348349686712,0.439142585033551,0.353232563706115,0.297925603576005,0.132946922443807,0.371991615043953,0.680677773198113,0.217027185484767,0.392306961352006,0.302700646221638,0.108172627398744,0.852320924866945,0.605392877943814,0.0593233839608729,0.146880006650463,0.095565221272409,0.495730321388692,0.0936672259122133,0.0965861799195409,0.227069220203906,0.811163413571194,0.2607043934986,0.819490210920572,0.160808800952509,4.37,12.94
0.024889679858461,0.347235458204523,0.221179638756439,0.117084442172199,0.303448520367965,0.0810505074914545,0.141970476601273,0.162185360211879,0.215434172354639,0.54302275669761,0.148910683510825,0.395932409679517,0.398868414340541,0.429402539040893,0.24051221110858,0.681222025537863,0.176433546002954,0.280912100337446,0.112044696696103,0.165820803958923,0.659197674598545,0.430629996815696,0.350244601024315,0.285721861524507,0.118418374098837,0.750461361836642,0.446953765349463,0.124,0.127699977019802,0.0340619196649641,0.340410106349736,0.21608154871501,0.0578359348475933,0.191207703832537,0.753723973175511,0.153850101865828,0.69604410517402,0.0465057569090277,0.3,1.33
0.00866236817091703,0.197071177186444,0.135494625894353,0.00734242959879339,0.460626629646868,0.0395199307240546,0.113723328569904,0.228143782587722,0.0658601945508271,0.539714511716738,0.124,0.0676609706133604,0.652410732815042,0.338614001870155,0.292091270210221,0.743255737470463,0.076157727278769,0.301891755545512,0.0703673763200641,0.418455260572955,0.660058527253568,0.298822712153196,0.284688136307523,0.224623982096091,0.235877055441961,0.749868849758059,0.379675453063101,0.165225306060165,0.0908816524315625,0.0926524735298008,0.287527542561293,0.0198868550360203,0.136941130436957,0.140066285781562,0.790351194795221,0.177373280748725,0.805235446732491,0.124,0.13,0.51
0.116659759707749,0.314259696053341,0.42464462458156,0.105118020903319,0.570875717094168,0.0799044081252068,0.348931875545532,0.228380221873522,0.0154450104348361,0.459120262414217,0.0422543680761009,0.12666714284569,0.440320683410391,0.25932325492613,0.219582841033116,0.568687030114233,0.269497750559822,0.137805019505322,0.103455957490951,0.39393949881196,0.552263388643041,0.192818998126313,0.278035526396707,0.42683531017974,0.00955966371111572,0.61959026590921,0.647574450355023,0.154377655126154,0.0246876340825111,0.124,0.332388878567144,0.0773036058526486,0.0546331389341503,0.26684209953621,0.791736487764865,0.209554815432057,0.876,0.124,0.27,0.87
0.0111363460309803,0.29307781951502,0.319529852131382,0.233464239630848,0.303759495029226,0.0982438044156879,0.108796301763505,0.113342127529904,0.135889731977135,0.457785125588998,0.184987084172666,0.399540515383705,0.528591533889994,0.475476000458002,0.201177389826626,0.632203633664176,0.368336876388639,0.319621310569346,0.0557299146894366,0.263046547304839,0.585475027561188,0.382554831914604,0.298285169294104,0.349588594865054,0.146251881960779,0.686417251359671,0.461851229192689,0.146111506037414,0.0753063866868615,0.0180515479296446,0.315350889926776,0.211043022107333,0.0616425077207386,0.155973547069356,0.743405675049871,0.206493866629899,0.776572296697646,0.104783813236281,0.54,2.34
0.124,0.41709594684653,0.289034253219143,0.242898078402504,0.407632702495903,0.0374217145144939,0.1958844717592,0.138312518363819,0.279042368918657,0.433726096292958,0.173783303868026,0.371549271279946,0.434246359858662,0.402719359844923,0.167036744533107,0.556231222115457,0.346416874555871,0.314471913035959,0.0554036463145167,0.285184680949897,0.571837064111605,0.473013588460162,0.294704336673021,0.12187283532694,0.0462868681643158,0.712492681341246,0.410277722170576,0.0379707210231572,0.22864511795342,0.0548906170297414,0.483202758943662,0.0738264825195074,0.105967935571447,0.0881010677441955,0.782781925518066,0.0813537396024913,0.779883872786537,0.229041474405676,25.47,49.13
0.0260328915212303,0.209576230030507,0.181656927103177,0.0588721439708024,0.618639729917049,0.115274467272684,0.0310422470103949,0.124,0.217748349696398,0.522652234882116,0.115452819038182,0.0197793862316757,0.394891702337191,0.55679863342084,0.334140081424266,0.597956360317767,0.187694526277483,0.323373473715037,0.0583335820119828,0.220844657858834,0.534879385028034,0.170170639641583,0.264466562541202,0.0857887307647616,0.248299488797784,0.520906530320644,0.264495458221063,0.0890281342435628,0.0239574261941016,0.133392670355737,0.317454315721989,0.0371864553783089,0.050164737669751,0.151913180645555,0.723202392691746,0.105042627779767,0.891629711328074,0.0785054152365774,0.15,0.82
0.124,0.164132104022428,0.129658828023821,0.0208076823037118,0.457791661610827,0.0491918260231614,0.0577920763753355,0.229731809115037,0.147113158997148,0.534458676120266,0.0778391046915203,0.124,0.533882333431393,0.270712589146569,0.293781441869214,0.673513208050281,0.296490259002894,0.220577252563089,0.0134224165230989,0.310434696264565,0.589623581152409,0.302522491198033,0.0420523034408689,0.197797658620402,0.1339531627018,0.564850714290515,0.307320050429553,0.201775877503678,0.102424013661221,0.130249605678022,0.429572378052399,0.108974857022986,0.167760955799371,0.394755161298439,0.831691800383851,0.155566729605198,0.848617705119774,0.113882699050009,0.12,0.69
0.0279899215567857,0.199865094153211,0.0483217253349721,0.04839295335114,0.555936351884156,0.0202290888410062,0.0611222094632685,0.0519138989038765,0.124877965940163,0.697813789593056,0.0652003567665815,0.130400815512985,0.533682947047055,0.382384199183434,0.288435226306319,0.640090921195224,0.0925496532581747,0.286701823584735,0.0748946908861399,0.328038910171017,0.590715153608471,0.295200651744381,0.20630167494528,0.144796140957624,0.198690692195669,0.709241253091022,0.320004917681217,0.303109319182113,0.230520928045735,0.0930211401320994,0.298813747940585,0.0249749586693943,0.105892513344064,0.297048118362203,0.833604935090989,0.122193149989471,0.822761019062251,0.0210153632797301,0.16,0.79
0.0374735073894262,0.335767964366823,0.1524565925356,0.116065324516967,0.571418562438339,0.124,0.156665899325162,0.156317902496085,0.202390888869762,0.408014993416145,0.00826547311246395,0.162242309423164,0.656018566805869,0.277367255184799,0.210606794338673,0.83012984925881,0.230123137356713,0.20665613678284,0.106338112149388,0.357928135897964,0.535669307690114,0.220278660068288,0.194698851788417,0.44777175784111,0.175266198581085,0.515382525511086,0.446883610682562,0.148450238397345,0.0839657948818058,0.024174074806273,0.236958883935586,0.124,0.00961485428363085,0.330080295145512,0.788459673291072,0.184033052995801,0.72598409752734,0.0941973880399019,0.25,1.36
0.0349069344121963,0.142976388800889,0.153805818641558,0.0848408038727939,0.465100780827925,0.0638947489205748,0.184506372712553,0.103380623972043,0.154190203571692,0.625050419010222,0.119945304933935,0.0779938457999378,0.56294561503455,0.568519424879923,0.270500649930909,0.438390420284122,0.168373557273299,0.322650393471122,0.124,0.369869502261281,0.640518252039328,0.18256123457104,0.0924835845362395,0.0912278476171196,0.192709933267906,0.503623449942097,0.369280050508678,0.220106169348583,0.0977855315431952,0.102353051701561,0.130225558765233,0.0529491144008934,0.0829424589648843,0.281004701904953,0.608553127152845,0.0915945714805275,0.867313401609659,0.0211435297969729,0.28,1.05
0.0440692849699408,0.185743877664208,0.0279802719596773,0.139921457739547,0.432718180818483,0.00878109310381114,0.0552389700207859,0.030062087578699,0.241312290007249,0.512107852380723,0.235855161910877,0.00212444551289082,0.315948940115049,0.527152048423886,0.370805579703301,0.445867222733796,0.14391698432155,0.196441972395405,0.118188939057291,0.19740472920239,0.489093055715784,0.209474868373945,0.0533586039673537,0.0581426077987999,0.134319607634097,0.506949761649594,0.348435912514105,0.0347068344708532,0.244810772826895,0.124,0.261945687001571,0.075229749713093,0.124,0.195594830136746,0.671047676587477,0.249550716951489,0.909971724333242,0.124,0.09,0.72
0.096612424287945,0.202345436904579,0.124,0.162909027654678,0.621349320048466,0.124,0.271131823003292,0.0530243026334792,0.166255551088601,0.380544245475903,0.13054106826894,0.156420351238921,0.342352925799787,0.449334776494652,0.311748841777444,0.519385734107345,0.151159482309595,0.438047057716176,0.148713415186852,0.184031460667029,0.499910334125161,0.180925235850736,0.0480814198963344,0.0875542182475328,0.256510934326798,0.417363274144009,0.293246829649433,0.371003560489044,0.116042706184089,0.124,0.093997769523412,0.0118165844362229,0.0901206684540957,0.0636350195165724,0.800970648182556,0.0893652909435332,0.876,0.0546746649779379,0.27,1.7
0.0907432068381459,0.248790201032534,0.172017775475979,0.0982975482475013,0.496523997513577,0.0146742577198893,0.298547328846529,0.204394282074645,0.206984753884375,0.370349921053275,0.207080062177032,0.128646136960015,0.518431642558426,0.606068797642365,0.246130658313632,0.566826132358983,0.112425093073398,0.386195454047993,0.112807419780642,0.354746080702171,0.497270966181532,0.0369647138286382,0.0700556628871709,0.0223167163785547,0.327634718036279,0.43126036785543,0.154346774099395,0.216795426094905,0.124,0.086493508355692,0.102554487995803,0.0145328002292663,0.215606388101354,0.209493749473244,0.59155634068884,0.0987689539324492,0.876,0.0546548771671951,0.09,0.4
0.032256844850257,0.198320649331436,0.00632444024085999,0.0957748575601727,0.573620646027848,0.124,0.189904025919735,0.217712676782161,0.276154721552506,0.374162402702495,0.128368971403688,0.124,0.339553627651185,0.507855506613851,0.229619125835598,0.539477184414864,0.0984386447817087,0.331981570925564,0.0478539168145508,0.119308059569448,0.569412530167028,0.207009037723765,0.125279214465991,0.0930419957730919,0.167517337016761,0.42163913580589,0.195550376782194,0.306026927893981,0.0937613807618618,0.124,0.244672945002094,0.092472280073911,0.116125406395644,0.0204057846460491,0.910053733736277,0.179596199654043,0.876,0.017728473758325,0.64,2.58
0.0208940924387425,0.0938053361605853,0.0658164739143103,0.0904264005366713,0.536396049195901,0.132157230284065,0.0291488207187504,0.0797358641177416,0.198467916972935,0.38875076523982,0.0524935927242041,0.124,0.239281850401312,0.481870675459504,0.407398951705545,0.57920772023499,0.0648176225367934,0.322812923230231,0.00700262298434973,0.144114908762276,0.553311044350266,0.230383516987786,0.0838865037076175,0.175733565818518,0.259029750013724,0.503259264398366,0.212414677953348,0.283054254949093,0.137113889446482,0.124,0.101532732835039,0.0679785636495799,0.0728606881350279,0.0936604036726058,0.74069999717176,0.147840128280222,0.876,0.0476061911322176,0.05,0.52
0.0655234797634184,0.0444581331685185,0.0367339923977852,0.133055163780227,0.452238611644134,0.0304573391806334,0.151813755907118,0.180250906549394,0.253178140545264,0.359252231894061,0.195328464265913,0.127286237595603,0.197342972503975,0.421960141975433,0.460205246461555,0.549336479511112,0.0861963895149529,0.456562341656536,0.124,0.119224772322923,0.456530696013942,0.133665452478454,0.0126883662305772,0.108638449572027,0.0479425250086933,0.541408997727558,0.1510786768049,0.221193031407893,0.0679547979962081,0.111043276894838,0.0999110522679985,0.0426067569535226,0.031557096099481,0.138906139811501,0.623203839175403,0.00726939830929041,0.872289358707145,0.332267075544223,0.1,0.67
0.105574644567445,0.24957538023591,0.345815680455416,0.0929331427905709,0.339850379619747,0.0648776383604854,0.314866390708834,0.143821198260412,0.215670096851885,0.569102676119655,0.0303156342599541,0.00205635279417038,0.367092752596363,0.363165107322857,0.471834416501224,0.605077335843816,0.0446958395186812,0.101285376818851,0.0089176587536931,0.0977842973079532,0.568455401342362,0.046637657796964,0.0196772161871195,0.124,0.12617092882283,0.33529741386883,0.283356707077473,0.222396660130471,0.105593306710944,0.00132972064986825,0.0599244784098119,0.0461022962592542,0.142769601825625,0.124,0.58916125074029,0.0833241303917021,0.856835434049368,0.198217136319727,0.15,0.93
0.0221338669545948,0.252399929566309,0.0101670222356915,0.0250463671982288,0.399848761735484,0.172862588591874,0.0893295832686126,0.287212883053347,0.156755831256509,0.363951307721436,0.201536080334336,0.095673782216385,0.284720449475572,0.376625382807106,0.466054714517668,0.539947554701939,0.124,0.411960450001061,0.0354504405297339,0.209392095450312,0.484327705809847,0.188243951415643,0.0593864999245852,0.234904248733073,0.0336678945459425,0.488939757226035,0.320943198166788,0.183545887703076,0.233193458989263,0.125573203131557,0.0525457235053182,0.0032187653016299,0.122897388344631,0.0403394761271775,0.721622672164813,0.0898746845778078,0.841600098716095,0.122885678894818,0.07,0.47
0.0226031154636294,0.0732807305175811,0.060709836659953,0.166292989626527,0.381409975234419,0.0945541604198515,0.295771016670391,0.21746618829295,0.124,0.409888411872089,0.0052114853169769,0.21952831116505,0.205916394013911,0.391155043616891,0.279469395289198,0.439657730748877,0.177455879515037,0.155988013837487,0.0469022725485265,0.359497752739117,0.536609781207517,0.0337764709256589,0.00399214238859713,0.105065535055473,0.0908681321889162,0.428635272197425,0.244929395848885,0.305433142697439,0.315582668641582,0.0291822850015014,0.067375241080299,0.124,0.133899168508127,0.00866583983972669,0.893623108975589,0.0189087015353143,0.892904663993046,0.06858139927499,0.13,0.51
0.0232921675089747,0.226398620288819,0.290832887403667,0.115604877704754,0.390055876458064,0.0755007043480873,0.39545114610903,0.223109630867839,0.0321583288498223,0.525877203792334,0.0310705361664295,0.0669137139339,0.346694693202153,0.500896690413356,0.434853305108845,0.652769982116297,0.124,0.102351462002844,0.091364865122363,0.141760110156611,0.419181813718751,0.124,0.0495305922813714,0.00637692143209279,0.181621500523761,0.456638159696013,0.295211616903543,0.285106149734929,0.0725622239988297,0.068391846191138,0.0440306926611811,0.0386492425352335,0.142454187549651,0.139794219449162,0.67432608245872,0.198068795958534,0.934924535056576,0.124,0.2,0.82
0.0780217872709036,0.170116969384253,0.0832022873219103,0.124,0.336532735265791,0.0335379379577935,0.14586011755839,0.21154665334709,0.206477445714176,0.439569330541417,0.0128732300363481,0.172049191944301,0.131514708977193,0.350140505237505,0.303314691642299,0.401444129878655,0.054632890202105,0.366882062284276,0.0316476208865643,0.168174133403227,0.471970803802833,0.132700335001573,0.153463577385992,0.278048863867298,0.121507585048676,0.367618691641837,0.146742860320956,0.132744364906102,0.182031253585592,0.124,0.0355192667338997,0.0603900790922344,0.0585973401796073,0.0458216126319021,0.647901586955413,0.119799473788589,0.835268134320155,0.162223926978186,0.25,0.57
0.0501214290745556,0.0465652507264167,0.0603811107575893,0.167046309215948,0.324067114153877,0.0451334690917283,0.121115882346407,0.203094881657511,0.310767251929268,0.432811785489321,0.0318390266038477,0.054418438045308,0.174545074813068,0.466543324058875,0.406454246258363,0.404778575757518,0.124,0.416567112086341,0.122571600299329,0.120047546457499,0.406756909098476,0.104348042514175,0.0556033614557236,0.200844409642741,0.085124796256423,0.392497423570603,0.127568379510194,0.232210157904774,0.182880923384801,0.124,0.0178016046993434,0.124,0.0591867840159684,0.0293427625913173,0.635338824242353,0.19014656660147,0.902039446238428,0.216741321841255,0.05,0.43
0.0531045721620321,0.108506805729121,0.0629113465547562,0.160977079533041,0.47595175425522,0.0736766831725836,0.113280371461064,0.114090751089156,0.0979400481339544,0.341373291332275,0.0786218104660511,0.0664512966759503,0.258378652157262,0.393142497632653,0.177345186239108,0.416389872552827,0.124,0.199392818612978,0.0699128386806697,0.237521959468722,0.499048682162538,0.0731585619505495,0.15457385359332,0.126262822886929,0.00363197247497737,0.334771907655522,0.259778560837731,0.226987109752372,0.278902206802741,0.0221478568166494,0.0938809646759182,0.157219750970602,0.124,0.124,0.799515810795128,0.0287622682992369,0.953979417284951,0.0406647562049329,0.1,0.51
0.0938683111928403,0.0207318961620331,0.0619801755528897,0.246383347781375,0.462276309961453,0.124,0.0965535423494875,0.142022172385827,0.239279741585255,0.364473621593788,0.0108621047586203,0.103975679026917,0.228444575332105,0.488385896664113,0.188286025309935,0.480704564368352,0.00480370712466538,0.132923785364255,0.0477617235630751,0.190180406905711,0.405080036027357,0.225943903205916,0.0706123302225024,0.0444878456182778,0.0720608478877693,0.405810116557404,0.0600604980718344,0.245951555436477,0.307377685792744,0.0476607649363577,0.272793412674218,0.074558235635981,0.0315212262105197,0.124,0.769865198992193,0.097115848377347,0.816363377565518,0.0288460021838546,0.21,0.98
0.124,0.0892617567442358,0.222265352029353,0.124,0.459650824544951,0.0627602959759533,0.123266776023433,0.322570257052779,0.273891746928915,0.337717400630936,0.0158116996753961,0.00883588513918221,0.329423057381064,0.514164829626679,0.445288263261318,0.518800863763317,0.0245292805377394,0.359746308065951,0.0311227952372283,0.102029711240903,0.489548051264137,0.149495339719579,0.036519574932754,0.130255532218143,0.00173572357743979,0.355362955946475,0.164725406095386,0.130718054482713,0.195607002358884,0.0424114329982549,0.124,0.0468707479778677,0.131027621148154,0.124,0.695850810036063,0.123692659428343,0.797577276429161,0.121846237918362,0.09,0.51
0.112581412937492,0.18618918210268,0.0155931194312871,0.145447264658287,0.317607218166813,0.18518172314018,0.0498846417069435,0.153341188725084,0.130264789262787,0.381363316904753,0.0318658265061676,0.081872530747205,0.046822244534269,0.385645326925442,0.401262392522767,0.264126017456874,0.137408224632964,0.00589032820425928,0.0791473264582455,0.207332439254969,0.407733386382461,0.124,0.124,0.0937905837781727,0.0318368328735232,0.291494965320453,0.00199995120055974,0.180566893192008,0.383719298522919,0.0776292392294854,0.126450597308576,0.124,0.0207043976299465,0.0233310267105699,0.683593490626663,0.124,0.780228508472443,0.140587281435728,0.06,0.38
0.036455186014995,0.0410628456156701,0.110962347593158,0.0116588249802589,0.385429911315441,0.0154990699850023,0.0654065601304173,0.157942636335269,0.0546606869213283,0.403190428391099,0.214239103650674,0.0912500855047256,0.0203792131505907,0.395225560292602,0.345060967141762,0.333018349483609,0.150139283854514,0.193595126271248,0.0530246691089123,0.301020773127675,0.468503403710201,0.0544846574775875,0.00741070113144815,0.0794194745831192,0.160738473758101,0.313480880344287,0.0290684755891562,0.133345287526026,0.253039681585506,0.0212335741855204,0.143915622727945,0.124,0.000655973959714173,0.113686076762155,0.774825922213495,0.124,0.758764448644593,0.0143278082832694,0.11,0.5
0.0497894386537373,0.00778609374538064,0.191370887449011,0.0987652908079326,0.361317181726918,0.0153264714647084,0.214154438978061,0.124,0.255195056485012,0.34680577320978,0.188311628229916,0.0517259507905692,0.140031979884952,0.298167217057198,0.175717938458547,0.586929267970845,0.0348800951614976,0.236851131310686,0.161589900894091,0.0451506129465997,0.441184502327815,0.0397921858821064,0.0775575758889318,0.0295191006045789,0.0205874380189925,0.235232871724293,0.151547920424491,0.0773680543061346,0.326320408377796,0.0190551010202616,0.0448474169243127,0.124,0.112853162853047,0.168116117293015,0.876,0.019634921034798,0.874249384807423,0.103451099876314,0.1,0.54
0.124,0.0615563110914081,0.0333595194388181,0.123133901972324,0.361438577761874,0.0486705286204815,0.253997861105949,0.0599370504971594,0.0489740445520729,0.372945492621511,0.0595419657658786,0.149598221061751,0.0917826271615922,0.387541173491627,0.3856803891249,0.36499334522523,0.111099022906274,0.185908315936103,0.197162649292499,0.0796463533770293,0.407251731492579,0.127801876049489,0.126749578397721,0.174104947596788,0.0838338725734502,0.31719432095997,0.130277233198285,0.103804949205369,0.313204037724063,0.174848794169724,0.0562446084804833,0.0198614128641784,0.00707845662347972,0.151414450421929,0.679961900226772,0.0202747184559703,0.842570856049657,0.17433252884075,0.06,0.38
0.00902488844096661,0.031435992801562,0.124,0.124,0.325500598177314,0.193820484612137,0.0639668308906257,0.0777229966372252,0.0775685481969267,0.313868282129988,0.0813908401653171,0.113830238115042,0.152608172036707,0.39053408941254,0.292624322231859,0.296811801148579,0.0559766772203147,0.124,0.046240566695109,0.134345997357741,0.299465519376099,0.0932629858143628,0.0443197963759303,0.15692466776818,0.124,0.232832705369219,0.124,0.312499053310603,0.301065062871203,0.124,0.17399556748569,0.124,0.140114419093356,0.223853714229539,0.787155027035624,0.104747359339148,0.778122084517032,0.00412093731574714,0.08,0.39
0.0213324850667268,0.195455208420753,0.149454558733851,0.135407291119918,0.390642239945009,0.00669540620967746,0.211798240594566,0.166953016236424,0.0918879845887423,0.350680192233995,0.017564386293292,0.160486706066877,0.0789907386060804,0.429410435957834,0.417655752506107,0.274603953817859,0.0784668785054237,0.11157269240357,0.102991010226309,0.124311677413061,0.242101787822321,0.0806032144464552,0.124,0.149100342998281,0.0439297218583524,0.16367245442234,0.0154562257230282,0.2567883154843,0.180016203084961,0.000927493140101432,0.012678412720561,0.142845924176276,0.00555440497212112,0.193548943080008,0.762337253196165,0.138580366201699,0.764674622867256,0.0154666965138167,0.12,0.59
0.0139189534131438,0.156885603442788,0.14711022307165,0.0783926808983088,0.242562498198822,0.0597138341292739,0.10851202781871,0.132063511224464,0.124,0.436491053085774,0.014752435894683,0.106576215475798,0.0480760131031275,0.476593373576179,0.196391655830666,0.235560822533444,0.154943439410999,0.0702502129133791,0.0545384256877005,0.114925915841013,0.475540394661948,0.0119451549835503,0.161404707701877,0.124,0.0802202087361366,0.0993405259214342,0.14744297764264,0.208081540185958,0.406024973839521,0.000527193002402782,0.164880994241685,0.0757010082490742,0.0749574500843883,0.203414384439588,0.716664883075282,0.0279894368033856,0.863407591426745,0.127095837611705,0.08,0.42
0.0295244927294552,0.174948738189414,0.121415494475514,0.151861638762057,0.363128634169698,0.123614773085341,0.204092041520402,0.0305730781294405,0.183427755651996,0.411067736102268,0.121523394413292,0.124,0.110328712733462,0.302090236218646,0.352626119973138,0.317336594685912,0.0498165031895041,0.0445187306031585,0.123791156267747,0.253007243620232,0.357344845309854,0.124,0.0197525804396719,0.220329676056281,0.0166762633491307,0.127005215734243,0.124,0.0403352067805827,0.171294586500153,0.122755419859663,0.124,0.0600993586014956,0.186507063848898,0.247279198305681,0.816413190914318,0.0204460832066834,0.682897263973951,0.0278247789721936,0.11,0.41
0.0385241416990757,0.108731134328991,0.019867405295372,0.137991991756484,0.259541909676045,0.177040637401864,0.182228167006746,0.229713094584644,0.0299326485730708,0.286009254399687,0.0157300882749259,0.157838325016201,0.0713953136000782,0.546823245240375,0.198009936837479,0.305803636321798,0.169660050887614,0.124,0.124,0.0609834191855043,0.428434490226209,0.0464168745093048,0.025814299704507,0.124288414372131,0.0240272865630686,0.131924274144694,0.0285945697687566,0.199677316937596,0.322248890064657,0.0551203248798847,0.166820221347734,0.104191743234172,0.0620504859145731,0.295072454424575,0.745175508083776,0.0570324321053922,0.765267954276875,0.124,0.16,0.63
0.0176546274926513,0.24378218781203,0.0674335863441229,0.0116683826092631,0.222364084096625,0.164785392746329,0.145001329645514,0.00355951201729476,0.124,0.419109179638326,0.0596852960772812,0.0970803822856396,0.124,0.512531090527773,0.355346211930737,0.284832577453926,0.0202346253208816,0.080036684172228,0.0395690306797624,0.21770951221697,0.400469702901319,0.0955791654996574,0.127159207360819,0.0125731339212507,0.0640660349745303,0.102837022626773,0.0669646325986832,0.167388840578496,0.328524816781282,0.00190984404273331,0.19634022610262,0.000447021029889583,0.124,0.140170523827896,0.66063195024617,0.124,0.910194072941318,0.107709634816274,0.12,0.68
0.0348757167123258,0.0974713698960841,0.124,0.137366793515161,0.285108065698296,0.0776280289757997,0.125363382209092,0.124,0.0543351507987827,0.274484165944159,0.072834122158587,0.0265248119831085,0.0815434579271823,0.518395153805614,0.12389715644531,0.394946693908423,0.0768031608313322,0.187350281979889,0.124,0.124,0.282820380292833,0.146015143021941,0.000150751788169146,0.00109957407787442,0.124,0.0546874096617103,0.0223652441054583,0.0471384159754962,0.307758410926908,0.0281002008598298,0.169307070318609,0.124,0.00591947573795915,0.235845507984981,0.58320266357623,0.114178595297039,0.939796977279708,0.171724071726203,0.08,0.4
0.0247294641342014,0.14034352148883,0.124,0.061999916030094,0.291988090844825,0.104903698131442,0.294771915232763,0.124,0.124,0.473370311781764,0.0225617074649781,0.0809978896286339,0.0533748646266758,0.418691895203665,0.269092991482466,0.269185654586181,0.124,0.120370231801644,0.124,0.130214187316597,0.359842009609565,0.139967338647693,0.124,0.0399227579366416,0.124,0.000212560407817364,0.0649644627701491,0.0353976492770016,0.460628747008741,0.0303649114686996,0.124,0.118199358159676,0.0384228987861425,0.103115308029577,0.584907309385017,0.0965957817863673,0.811182650806382,0.147319796262309,0.08,0.51
0.124,0.124,0.124,0.0649291557967663,0.206281112506986,0.0238325287830085,0.311143952585757,0.124,0.157842893317342,0.356788301840425,0.160290196236223,0.0838706931099296,0.0620504904072732,0.420181842986494,0.289956833235919,0.251665985677391,0.00991428340785205,0.0613285545259714,0.124,0.124,0.299710496561602,0.198532884009182,0.0926625248976052,0.181785531273112,0.062866621883586,0.150229604681954,0.0203721625730395,0.0256063209380955,0.29297920060344,0.042737237341702,0.124,0.124,0.0921404314469546,0.109822150250897,0.627193060470745,0.124,0.876,0.0536897236015648,0.08,0.48
0.124,0.163127639796585,0.124,0.108512954717502,0.201377895893529,0.0557915244027972,0.151590895304456,0.0125562422219664,0.124,0.415385093307123,0.174075688632205,0.070971654728055,0.00954031082801521,0.554405532544479,0.165941327577457,0.313848056131974,0.185594449052587,0.0627665796782821,0.124,0.124,0.438492299057543,0.116304693277925,0.0443542839493603,0.0347974309008569,0.0768521628342569,0.022589755943045,0.0114696479868144,0.0730215050280094,0.4411302334629,0.00804483906924724,0.00211557513102889,0.124,0.0876899724137038,0.219622970024124,0.59583773673512,0.147271926678717,0.876,0.0335301193408668,0.09,0.53
0.0596654952280223,0.0844502749387175,0.0684514846652746,0.190849056933075,0.34546194318682,0.182960629394278,0.0293298756480217,0.0373803558070213,0.101994183078408,0.255408515920863,0.0475138529911637,0.157686384161934,0.0192484406288713,0.432296152459458,0.335572505835444,0.353569484781474,0.124,0.11035226425156,0.139052929986268,0.307976139476523,0.405363140860572,0.0532134759016335,0.145530624780804,0.132872343296185,0.0921975110433996,0.0679451888427138,0.13021649629809,0.101429448463023,0.153142274590209,0.124,0.107405129820108,0.187255981309339,0.0218904439136386,0.154148092424497,0.737190483836457,0.0146949141528457,0.707126332748681,0.147793047992513,0.13,0.53
0.0271216441653669,0.100152009399608,0.124,0.130057773483917,0.112280276138335,0.0937921322658658,0.242211960187182,0.101021167986095,0.172890890553594,0.310773695586249,0.152986752498895,0.0778365866281092,0.124,0.27239723620005,0.21830599848181,0.447990317130461,0.124,0.11800286360085,0.0545328913033009,0.0792025467380881,0.366095795063302,0.292604887392372,0.0573001937009394,0.0453324603624642,0.0662510441616178,0.124,0.0901286313310266,0.125432355795056,0.261346958344802,0.0666186622586101,0.128160419106483,0.225329898461699,0.0213379801027477,0.140470784554258,0.462183599825948,0.00291840375959873,0.80332232902199,0.115954659646377,0.1,0.51
0.106571189757437,0.0832932672929019,0.0605877942871302,0.143239836838096,0.156893113162369,0.203659356269985,0.122666506493464,0.227735089534894,0.246431095223874,0.293437953805551,0.144703020971268,0.0494931624270976,0.0906746827531606,0.445107801118866,0.0799920368008316,0.489488677820191,0.00402001617476344,0.146323850378394,0.00394326767511666,0.0518053965643048,0.27091708034277,0.224680134328082,0.116195308743045,0.0726125714611262,0.0239281777758151,0.0175296277739108,0.124,0.124,0.265806355746463,0.00756861239299178,0.12558118782565,0.0797168986648321,0.0106778204683214,0.0652916423752904,0.514245379250497,0.0234291189592332,0.809089095167816,0.0309565574862063,0.08,0.39
0.0302535816337913,0.123941140947863,0.0223038380499929,0.163055257337168,0.138861631508917,0.034382600966841,0.216901715775952,0.0759089828245342,0.172565134173259,0.231927274493501,0.0390686585344374,0.124,0.0338160814717412,0.422995155211538,0.00760141457431018,0.418211783049628,0.0461298960726708,0.0809955559670925,0.0442476155478507,0.178372679976746,0.357317957095802,0.233018301194534,0.178233125247061,0.204718147102743,0.0956079375464469,0.0405556121841073,0.0906970659270883,0.133814831031486,0.297862095758319,0.0404524318184704,0.0847091767247766,0.191774968687445,0.0158427079916,0.060044484609738,0.467273875605315,0.0229031482487917,0.784050540136173,0.0192635785788298,0.1,0.45
0.065880056168884,0.110946870874614,0.167026058305055,0.141571350093931,0.158958739368245,0.0623369542192668,0.152147156583145,0.00171235266700387,0.0965148933939636,0.404755534837022,0.0291025325898081,0.25273967301473,0.124,0.508146043866873,0.156961431959644,0.256167687475681,0.119453146355227,0.0060427610296756,0.143297536928207,0.121290950966999,0.234729062998667,0.186567326076329,0.0227057430893183,0.124,0.157353834180161,0.124,0.0457457022275776,0.124,0.34492126875557,0.0147995030749589,0.00868927175179124,0.0505651265159249,0.0968889798279852,0.0285455649029464,0.510852561099455,0.0438904666118324,0.789910605944693,0.169334811158478,0.14,0.47
0.0399886266570538,0.0959696613717824,0.0511856234408915,0.067781265988946,0.305476718349382,0.0338609946668148,0.0131871778760105,0.0408451719451696,0.103324009735137,0.415817105444148,0.0261797308232635,0.202485884074122,0.00765778007917106,0.42225973540917,0.144700780045241,0.13478371524252,0.00692925066687167,0.188428107416257,0.0371864458322525,0.189272685209289,0.382693931693211,0.311926704831421,0.0656638035327196,0.0653554458878934,0.0819491280708462,0.0532568064518273,0.016467705834657,0.088317469926551,0.281960982596502,0.0390936754886061,0.10729496111162,0.126961904974654,0.124,0.280965710222721,0.410574570531026,0.124,0.81120395620726,0.215714181773365,0.08,0.37
0.106355189044029,0.0586067764088511,0.00680672905966639,0.0354323596004397,0.338827107334509,0.110227461602539,0.0547073538657278,0.180252034148201,0.194809953613207,0.259946666657925,0.162621993502602,0.207496094448492,0.0204235024284571,0.410963061032817,0.0446900189854205,0.40707417530939,0.024387667119503,0.0746819423511624,0.09772623719275,0.0100893501657993,0.140411619096994,0.334381167311221,0.0453707166016102,0.299970701733604,0.0993208584841341,0.124,0.113368031965569,0.124,0.330618178006262,0.0753445270713419,0.124,0.0445505384597927,0.239263210609555,0.00759212363138795,0.554842930287123,0.00679382605105638,0.705318213742226,0.05662148934789,0.08,0.41
0.0790572007428855,0.102294616401196,0.142336318269372,0.124,0.258564704097807,0.02142696355097,0.0104615194033831,0.137617625692859,0.0451144344881177,0.306479126214981,0.0176943872831762,0.180206688353792,0.0566575321611017,0.605597339803353,0.0666384359356016,0.504479862749577,0.0809423318132758,0.0583628714084625,0.0626627557687461,0.0282822325136513,0.405124534619972,0.132550836307928,0.106874599983916,0.0160072531327605,0.0481075867321342,0.082821644609794,0.00884800194762647,0.143002654891461,0.371981940465048,0.0889570307228714,0.0297042664606124,0.255741193355992,0.06344106483832,0.0735651051402092,0.436482162913308,0.0736465621050447,0.728009864291176,0.249923276016489,0.08,0.42
0.124,0.00856405054219067,0.015392258297652,0.0513895299993455,0.357342800823972,0.0204835340157151,0.254510327871889,0.0306634515766054,0.0154789508562535,0.288014625199139,0.153923474183306,0.164443981833756,0.0997840372622013,0.629047733731568,0.147753660334274,0.503293900517747,0.0169367070775479,0.0495583454612643,0.104279780225828,0.0932394114099443,0.253627158235759,0.239780541276559,0.120752246515825,0.124,0.00318277597054839,0.124,0.124,0.180768459104002,0.370217074174434,0.0416762881688774,0.0210426305420697,0.0967419002447277,0.196337700752541,0.118806302245706,0.434718209318817,0.0388061571177095,0.784982041757554,0.295468119671568,0.06,0.41
0.127815931035206,0.0491238457616419,0.00616076977550983,0.113665265660733,0.271252781152725,0.165519939200953,0.10278791554831,0.0347453380711377,0.109195384826511,0.29956314759329,0.136280938914046,0.136752218171954,0.0598039540927857,0.297541399020702,0.148087963694707,0.390731749124825,0.145431960165501,0.185128243174404,0.119764644816518,0.124,0.0913337010424584,0.239026846364141,0.124,0.258102133335546,0.0938132202718407,0.100655152229592,0.0397110746018589,0.100538131780922,0.221251925453544,0.0391652313303202,0.161433041725308,0.137195912353694,0.0070624280963093,0.198289573123679,0.542093659983948,0.124,0.70686831937544,0.17886074562557,0.19,0.75
0.00794781248643994,0.0163788229692727,0.0426711840555072,0.0187135186754167,0.363364924909547,0.0644169854242355,0.131388824597001,0.06227651347965,0.0763872665595263,0.309105871012434,0.0760270163193345,0.250274629332125,0.124,0.632759892381728,0.181600551353768,0.390310200164095,0.0334874636027962,0.159305837005377,0.030015187734738,0.00884513224102557,0.319053054321557,0.204341759439558,0.124,0.0836554094459862,0.0117301590982825,0.0538332697469741,0.0388149337377399,0.217958449618891,0.456756991101429,0.0748935881312937,0.00990140438079834,0.147559422465041,0.110814954783767,0.0174288108721375,0.513022204628214,0.0556164557822049,0.798543078428134,0.206070446642116,0.13,0.45
0.0508979106564075,0.0947145868558437,0.00138997978158295,0.0615010400544852,0.185868123779073,0.155564193312079,0.0179353669993579,0.118210032513365,0.187981397543103,0.399123213486746,0.213116345159709,0.124,0.132923407480121,0.254363661631942,0.116864917101339,0.384423533687368,0.0683327111657709,0.0743839687202126,0.203598054289818,0.0857575747650117,0.204568159068003,0.213665622519329,0.104891737690195,0.0588864615894854,0.00881888857111335,0.0953333042562008,0.00486804724298417,0.124,0.215237985132262,0.00749812268279493,0.124,0.0253917094562203,0.0108433649186045,0.257181852521375,0.651680256472901,0.116798269959167,0.684087526587769,0.141228973865509,0.08,0.44
0.387032717863098,0.0390310105867684,0.000954661449417471,0.00904717661999166,0.326090833870694,0.124,0.190676480695605,0.0056157050896436,0.0390653330143541,0.240377723472193,0.090658788966015,0.0103576267138124,0.0855040217284113,0.446245113387704,0.0307518308982253,0.294371062424034,0.0210468828920275,0.0675945284310728,0.126623700071126,0.1850107870996,0.310426351614296,0.225168056320399,0.0490412518158555,0.160654786439613,0.0857629692181945,0.026986614568159,0.0114454331342131,0.0885972189716995,0.189776983810589,0.0647996693626046,0.153287000419572,0.048709786195308,0.124,0.0981678123828024,0.319328059908003,0.124,0.664745391881093,0.124,0.08,0.38
0.0920819152854383,0.0380149150732905,0.124,0.0373201148360968,0.20961559866555,0.0880531183686107,0.117398428894579,0.120753486804664,0.0962072468139231,0.430301502346992,0.0115487186014652,0.10919989894703,0.120688255108893,0.366075783502311,0.124,0.253548400942236,0.0234100242853165,0.138159440364689,0.0989618780333549,0.0782362818717957,0.0107967585790902,0.456024380866438,0.0747321317903697,0.133885200997815,0.00350334518589079,0.0635426535736769,0.102070890530944,0.135185243492946,0.206137968460098,0.0468796123061329,0.0777416822277009,0.122687181156129,0.057617229340598,0.025075565489009,0.712030170252547,0.0786017255634069,0.54505947169289,0.175011755665764,0.05,0.44
0.21643342326954,0.0712032131850719,0.163077915018424,0.124,0.451636503450572,0.124,0.175999559625983,0.00747710063681006,0.124,0.258089270209894,0.0739065245036036,0.0500080268830061,0.0313509330153465,0.381589191267267,0.121568383648992,0.345949225360528,0.0248716908283532,0.0286111847963184,0.0244453222732991,0.00815186998806894,0.221049425657839,0.290730358334258,0.00441453273035586,0.210830327520147,0.124,0.062644331716001,0.124,0.146740240510553,0.0924710026010871,0.0270136577785015,0.124908898422495,0.124,0.0320444974824786,0.0745435950122774,0.421208761399612,0.0773891496248543,0.774426180239767,0.0911732324641198,0.05,0.41
0.000575889298692345,0.0660590524785221,0.124,0.103925569612533,0.237216011155397,0.0378922248966992,0.107270046068355,0.0569418905545026,0.279385660007596,0.467508828965947,0.229704735266045,0.0174029974043369,0.0118257901631296,0.291500821709633,0.0834613770712167,0.466307643800974,0.156743237912655,0.0944873706903309,0.149624815607443,0.0839957150164992,0.268139119958505,0.143624814227223,0.01514065079391,0.172934822902083,0.0155715050641447,0.0122840031981468,0.124,0.100139015819877,0.270700196037069,0.189260445466265,0.0803137621153146,0.00820553249306977,0.000685039605945348,0.0914813693854958,0.637556915171444,0.124,0.659328980673105,0.0404098241124302,0.09,0.41
0.147952287156135,0.124,0.0748632686920464,0.00271487997472286,0.351301582530141,0.0275672503523529,0.237683039555326,0.156690189545974,0.124,0.071245949016884,0.124,0.0736774418037385,0.192708243615925,0.213555331574753,0.0389314283858985,0.261078756302595,0.0390678771547973,0.180463985772803,0.100037268992513,0.0903790392912924,0.0824871293734759,0.304645938565955,0.0279145554415882,0.238572424907237,0.041419037617743,0.0656692169141024,0.104879234917462,0.22783446800895,0.147455397760496,0.0316423584483564,0.0155292627643794,0.124,0.162007581839338,0.124,0.334888792596757,0.0528098248653114,0.635581786347553,0.0479263210911304,0.08,0.39
0.149252105668187,0.124,0.124,0.0381725625377148,0.322365256492049,0.127991351462901,0.0410976772438735,0.0752223505880684,0.124,0.022963187424466,0.15849749504216,0.0506207020953298,0.158361845649779,0.337598082609475,0.0828539530523121,0.244570513488725,0.0184265530444682,0.226801715558395,0.186942498363554,0.0432760375551879,0.147304397309199,0.243719254154712,0.137277400285006,0.0758985883332789,0.124,0.114329009549692,0.0620845747180283,0.171684233704582,0.240050186170265,0.124,0.0475076028853655,0.0968670245967805,0.0362767352964729,0.124,0.26641089329496,0.0217300876285881,0.686141201829538,0.124,0.08,0.41
0.185423078877851,0.120096308808774,0.0655855405386537,0.124,0.462743381969631,0.132305432740599,0.322946790071204,0.00808881425857544,0.0624878005366772,0.170311469351873,0.0118857279196382,0.0147134873550385,0.015586801270023,0.359418759820983,0.0851090548094362,0.248504870105535,0.000477440586313604,0.18723512836732,0.124662520993501,0.0264114672318101,0.184076744830236,0.13799775345251,0.0042643995732069,0.126421904820949,0.0324560578446835,0.0937295390758663,0.22800186595507,0.13971225800924,0.0155210474040359,0.000867697807028889,0.107104314422235,0.228315987089649,0.0814509600643069,0.0637147605195642,0.327829748624936,0.124,0.525030776228756,0.136445002095774,0.05,0.37
0.299089338794351,0.0958267427049577,0.0948816534839571,0.0219068140033633,0.33338817069307,0.0724348436817527,0.0928655147328973,0.212413573801517,0.124,0.110723637510091,0.0620924312863499,0.0495292437262833,0.0743443733081222,0.236565982922912,0.0370590325221419,0.31025977153331,0.147290910758078,0.102646349696442,0.125457959413528,0.0350062816869467,0.195040456717834,0.246804806403816,0.149084423832595,0.131203435059637,0.0108879546169192,0.12362419674173,0.0535471967887133,0.22435033461079,0.122897205874324,0.0780343165863305,0.0356747360676527,0.112469612551853,0.124,0.0689024340137839,0.171483848942444,0.149595910148695,0.688051663175225,0.124,0.05,0.42
0.182745805406943,0.0452606996987015,0.0827582570966333,0.0645308824498206,0.32584843179211,0.0703166815694422,0.0353249301444739,0.0455797623619437,0.124,0.0606038207188249,0.119057782856748,0.124,0.202896160306409,0.412118911277503,0.00766496632806957,0.367054221918806,0.0589734943825752,0.155527674360201,0.0802045582570136,0.0219743412453681,0.196413145866245,0.280192121397704,0.139183786628768,0.100312124403194,0.175409773131832,0.124,0.14430551440455,0.303179364884272,0.129936307668686,0.00462121346592903,0.124,0.0749667656384408,0.00624236038513482,0.0190633555650711,0.250553105724975,0.143212836865336,0.651117218494415,0.144758973201737,0.07,0.44
0.232691541943699,0.138322335831821,0.0490370135996491,0.0725737571958452,0.428686157567427,0.0639466698523611,0.162685824489221,0.053239732446149,0.185847366392612,0.138092156266794,0.0271926672905684,0.0730335770640522,0.0948081413991749,0.161344032734632,0.0561940679326653,0.111902362667024,0.00896160111390054,0.141878596972674,0.124,0.111627250375226,0.222236106870696,0.136064971797168,0.11270480642654,0.0283813955504447,0.0857721325010061,0.110944068059325,0.130721609039232,0.304025699384511,0.148850881960243,0.0193885815571994,0.0676685494147241,0.0974035180881619,0.0951250339169055,0.172887829761952,0.190938401967287,0.187434771262109,0.502419632695615,0.0119028668161482,0.08,0.41
0.152214676771313,0.0813283509816974,0.116152150487527,0.0269222049284726,0.55739263840951,0.0676622750945389,0.188276636112481,0.124,0.0871363991647959,0.239744956536219,0.0309241338875145,0.0135475473944098,0.126671411726624,0.15756025724113,0.0472321410197765,0.0611100844107568,0.0494446146078408,0.054883792065084,0.145662465995178,0.190534403547645,0.188003859482706,0.106883344938979,0.124,0.0283246346991509,0.124,0.00605373799428344,0.124,0.115555703407153,0.146786664845422,0.0221361568439752,0.0974814206603914,0.018090993097052,0.0792300500217825,0.0341827775593847,0.284516711253673,0.124,0.519328608712181,0.283593366552144,0.08,0.41
0.296323102131486,0.0622096291519701,0.0169868452250957,0.0364699325766414,0.306314510991797,0.0463940940573812,0.234423746984452,0.172819399671629,0.0824855469875038,0.0262567433528602,0.120272198157385,0.133005596930161,0.0481157807409763,0.280489396303892,0.132882116362453,0.104978926712647,0.0366363475807011,0.108460252638906,0.0680933594014496,0.191178445402533,0.323258687974885,0.0674168216064572,0.0334632850028574,0.0228051589112729,0.0111211987677962,0.124,0.159087277181447,0.291933660628274,0.0615340305957943,0.157680193359032,0.124922600971535,0.124,0.112035349640995,0.063158400055021,0.349898526677862,0.124,0.5346319191847,0.151059170184657,0.05,0.37
0.262945519924164,0.0877113271746784,0.100972421165556,0.138918447006494,0.320412939880043,0.130688758730888,0.30455583932437,0.150702875038609,0.0604044056273997,0.0601776293478906,0.124,0.124,0.0330576441958547,0.228460034122691,0.149705404881388,0.107896254630759,0.241266216315329,0.0223575362470001,0.0575112480912358,0.030469746561721,0.15592141658999,0.0350785595364869,0.124,0.0154822607766837,0.0227901809848845,0.0155126051288098,0.145427860250697,0.121852030511945,0.0763363908044994,0.0246494216155261,0.101705972734839,0.124,0.057247311739251,0.195956835221499,0.276090678526089,0.0565992723461241,0.527247931178659,0.150145016308874,0.05,0.56
0.22445910300687,0.143558895612136,0.0441012451667339,0.0969292667470872,0.384435681160539,0.124,0.207454045234248,0.0151895058117807,0.00889321013912558,0.0840821641031653,0.036064049160108,0.124,0.124,0.16251063067466,0.147619468858466,0.00371219660155475,0.0183818882107735,0.133519432740286,0.198531300691888,0.162524708546698,0.120893976418301,0.110552379861474,0.0285637077651918,0.0608831012398005,0.0088195085991174,0.124449230894446,0.124,0.267480509355664,0.11857937881723,0.124,0.115482569370419,0.126657209988683,0.124,0.0990204000156373,0.216636206721887,0.138572691172361,0.562937963124365,0.126442146884277,0.08,0.42
0.235153955338523,0.0752323646340519,0.0756128436662257,0.0656905604302883,0.43844075826928,0.0346273101642728,0.269400992128998,0.124,0.020819211775437,0.0464514379166067,0.0154988881442696,0.13301957647875,0.152504143236205,0.200695846229792,0.127689883345738,0.124,0.124,0.0269474040251225,0.142693061545491,0.0461824773810804,0.212193389888853,0.0233747356105596,0.0374117078501731,0.0775578270442784,0.0893387903925031,0.124,0.0977955634482205,0.0296179403085262,0.0886203357260674,0.0250694120079279,0.267933201208711,0.0142822136878967,0.0330835838578641,0.0261916601341218,0.124,0.124,0.583002334762365,0.00914150748960674,0.19,0.67
0.117023418588564,0.237283131970093,0.0370571037530899,0.124,0.360589320771396,0.0762503931075335,0.0445274288542569,0.124,0.0638748334497213,0.124,0.0293597683086991,0.165726028779522,0.0127149353977293,0.228155475808308,0.0135785343591124,0.0711007202044129,0.146678619483486,0.124,0.00403320782445371,0.0324976730626076,0.119885427877307,0.295779337408021,0.123521162593737,0.250955791842192,0.0279409640934318,0.100117046317086,0.0168238393273205,0.0786482004914433,0.0311372363939881,0.124,0.0594044999927282,0.140863746102899,0.161950917612761,0.124,0.0968396794050932,0.00520126747526228,0.472475318539888,0.188450418343768,0.1,0.49
0.271370893275365,0.0434510779343545,0.22583655959554,0.124,0.370574398199096,0.0254542477671057,0.224612218258902,0.124,0.143122674828395,0.169305689098313,0.223086740985513,0.000581785501912235,0.124,0.128712058998644,0.107330101775005,0.0552766108885407,0.124,0.00571062066592276,0.137080859323964,0.10003078286536,0.246899859979749,0.0471432383637875,0.00592171743139625,0.0547853346690536,0.00263477070257068,0.102248683735728,0.0620585602484643,0.0116685309913009,0.1222244388666,0.0906849828790873,0.0673321747928858,0.162544067880139,0.0840100077223033,0.0633271231092513,0.060991914011538,0.124,0.496552903739735,0.00512706132233143,0.09,0.48
0.22200424403511,0.119754987932742,0.0906026427876204,0.0302459820415825,0.387183057609946,0.237925339188427,0.277648624429479,0.0127771407607943,0.124,0.241230985313654,0.0452905520107597,0.0393666833881289,0.129396856693551,0.204813486896455,0.148790697567165,0.070324529428035,0.124,0.122534327208996,0.122605794506148,0.209314760286361,0.105033196508884,0.00112541788257658,0.112353794906288,0.0739767064116895,0.046148887835443,0.124,0.0146120981555432,0.124,0.00574237497150898,0.0101732613295317,0.20938859244436,0.0252861864175647,0.200822942355648,0.0556299292258918,0.147906955564395,0.0230067671984434,0.522293218946084,0.0337480121999979,0.21,1.28
0.265223940532655,0.190505772992969,0.014627722023055,0.132496802300215,0.369432822568342,0.128010491073132,0.2984872671552,0.0916934331655502,0.124,0.0692032202389091,0.137733779778704,0.0852414441071451,0.0187294936515391,0.0676148536149412,0.0451264348812401,0.135059481486678,0.124,0.071958934655413,0.118946606690064,0.0828950472641736,0.114460891811177,0.0228991734329611,0.012258378719911,0.0682142029292881,0.124,0.124,0.113535900531337,0.0510022293310612,0.136606383766979,0.177676834329963,0.133862325154245,0.060441786121577,0.0085421839505434,0.0945749137792736,0.124,0.0984216648396105,0.615551679929718,0.00808829877153039,0.1,0.53
0.22408461563848,0.124,0.00541413335688412,0.00839633324742317,0.399385880911723,0.0761760102361441,0.157279412891716,0.124,0.00724439222924411,0.175274671684951,0.202630893025547,0.108221752732992,0.0412688792459667,0.124,0.0294429266359657,0.122991796815768,0.191778350785375,0.0470256600528955,0.124,0.218574013095349,0.0780593240633607,0.124,0.160834720056504,0.0297227855082601,0.0976593475099653,0.0243264899365604,0.127660282120109,0.119890940375626,0.023501594947651,0.0922599878869951,0.208176507778466,0.00734802421741187,0.0398346918411553,0.124,0.124,0.157473492367193,0.470818105455488,0.0811927112992853,0.14,0.64
0.249352839939296,0.124,0.0473968711923808,0.149702242506668,0.285912014078349,0.0823622214850038,0.121581350617111,0.135364370584488,0.124,0.187762683421373,0.12168293928355,0.271163409506902,0.0785089064631611,0.159932063193992,0.13077778997831,0.124,0.0326190226953477,0.000470830593258142,0.124,0.182021025568247,0.0277314959093928,0.124,0.0818333406243473,0.0811656428743154,0.00884301930293441,0.044916105620563,0.152542377753183,0.0693508412223309,0.0655416268166155,0.14900998834148,0.224038168486208,0.0226479586455971,0.124,0.00551814928278327,0.124,0.124,0.492040142253041,0.124,0.08,0.46
0.211820174172521,0.0819205645713955,0.0872041715085506,0.0555079853404313,0.378712546080351,0.0966164010353386,0.382316468214616,0.189009839367121,0.124,0.124,0.0367522329799831,0.150039629476145,0.0193517426270992,0.190914058825001,0.111804186366498,0.12267876486294,0.0346983079109341,0.0419479142874479,0.0387438013460487,0.296280006878078,0.163239892106503,0.0433303883764893,0.0854287840668112,0.0568235425055027,0.108738552080467,0.0321432551611215,0.178361767601222,0.0179785762447864,0.0274753502346575,0.0569177406616509,0.130225827382877,0.11243001993373,0.0899355776384473,0.0920838801432401,0.0458611189387739,0.0440361063703895,0.536411014920101,0.0310446728728712,0.08,0.51
0.239851583890617,0.146820923477411,0.0323426836878061,0.0792256800234318,0.614053318044171,0.0374713122621179,0.315776275634766,0.0893736480977386,0.013562469907105,0.124,0.0745663628224283,0.177329941583797,0.124,0.0424604087602347,0.0895584169775248,0.0839775416534394,0.133677860885859,0.236308078514412,0.069406467653811,0.116990830749273,0.216158495284617,0.0173930146265775,0.0885670091267675,0.0258575593363494,0.0334407577756792,0.0518069210704416,0.0239088711570948,0.00510568055324256,0.124,0.124,0.000774374628439545,0.124,0.0987259472496808,0.124,0.0523302538786083,0.0532718090582639,0.463279066210613,0.0545153759196401,0.1,0.51
0.176514303475618,0.199871495064348,0.00106990540027618,0.156750133657828,0.501345930155367,0.0222127127237618,0.33449960819073,0.0518551926836371,0.0373696211501956,0.0166760933827609,0.17076598822698,0.0556564067266881,0.105148529332131,0.0374855927657336,0.16994395502843,0.0386880612932146,0.239696978056803,0.161348797148094,0.0384282820634544,0.305323941167444,0.0375800458714366,0.0517752051819116,0.0460330941025168,0.0981823992226273,0.0553253951948136,0.044034371316433,0.0695359920393676,0.172229231568053,0.0305987253561616,0.108040976967663,0.0623738050237298,0.0332584676109254,0.0281694144252688,0.0209100227113813,0.124,0.029544068897143,0.531254970537499,0.0780711054578423,0.07,0.4
0.232027089620009,0.105427087215707,0.0665813327543437,0.124,0.381055469857529,0.0338397688940167,0.268702949095517,0.00537324154376984,0.0526359138786793,0.124,0.124,0.151707745786756,0.0590882945582271,0.211435290053487,0.0616948478855193,0.0647832015529275,0.0858106968700886,0.0576758894603699,0.124,0.203339614672586,0.16954800975509,0.159876348683611,0.0715943981669843,0.107506296994165,0.0171226090751588,0.0194281131736934,0.124,0.124,0.124,0.0337485167440027,0.124,0.0183372783251107,0.205817323109135,0.0273828382380307,0.0602224105969071,0.0772457694876939,0.393170500941575,0.124,0.15,0.62
0.0485325953233987,0.214697481529787,0.132828724501655,0.00872003652714193,0.493243801640347,0.132716027252376,0.39151138176769,0.0157874544858932,0.166224098695442,0.00330219387635589,0.0330717632789165,0.0510276776514947,0.124,0.124,0.111925385892391,0.0307380072772503,0.179592163931578,0.131885952316225,0.0861367296203971,0.348116135690361,0.200049246195704,0.0936228493228555,0.0100054935794324,0.0670592900607735,0.124,0.111379355356097,0.0125211008600891,0.0570139335468411,0.100130329770967,0.121084087925032,0.202238261397928,0.0184371249526739,0.0573338500000536,0.0606481539327651,0.176710264688358,0.125439966727048,0.336395719390363,0.0874462429676205,0.09,0.59
0.179845863884315,0.188782557543367,0.0569517369624227,0.10351750154607,0.55575952748768,0.124,0.39789472280629,0.200004549162462,0.0125182065423578,0.0280131622459739,0.148632886284962,0.116390918079764,0.00508920864760876,0.194837747840211,0.267320345155895,0.175996614154428,0.0845648734141141,0.0469396857079118,0.0367870621159673,0.113408889388666,0.182005351874977,0.0270875645801425,0.00464246717840433,0.0400364517010748,0.0249888424295932,0.107347851084545,0.0574883850533515,0.0516048551071435,0.0667151447162032,0.124,0.00133762501738965,0.0219241552297026,0.106887523481622,0.142043562071398,0.0554517866112292,0.124,0.372611433336511,0.167091595405713,0.1,0.5
0.0678897226937115,0.0630579592436552,0.124,0.294226494083181,0.40738812694326,0.181752051390707,0.323718869291246,0.136007187120616,0.0799182291850448,0.071944808518514,0.0774361180849373,0.124,0.119262676849961,0.233063586056232,0.0261881339829415,0.124,0.000396728679537772,0.0591935766860843,0.0361995538007468,0.110053958138451,0.195184414274991,0.0495098645333201,0.241156678810716,0.0216827585138381,0.0470123467966914,0.178999503539875,0.0298023525867611,0.124,0.0685559419691563,0.124,0.0852484164535999,0.0721321163475513,0.145545179188251,0.0108971851188689,0.0374769445043057,0.047330056713894,0.585738380275667,0.0390616533588618,0.1,0.46
0.278919883236289,0.193590627681464,0.118334841379896,0.0912863383311778,0.499212078051642,0.0587772281616926,0.385988622834906,0.124,0.0285470766723156,0.0113651439789683,0.050539272768423,0.140082952730358,0.0716083929184824,0.151642103912309,0.175756527343765,0.127441264921799,0.124,0.152430472895503,0.0333478105496615,0.2345027460251,0.129705521045253,0.0699769936036319,0.00574280477687716,0.124,0.07127894484438,0.13531800073199,0.10959132264927,0.114689340582117,0.0612158499900252,0.0275727917216718,0.0872509818766266,0.0277016266956925,0.114633754059672,0.0246596761755645,0.00164549774490297,0.035823425674811,0.492421568207443,0.0977301908899099,0.09,0.47
0.0970950121302158,0.0734256135076284,0.0352629068549722,0.171457586741075,0.332908945623785,0.035038267891854,0.209949585307389,0.0434125742651522,0.118189770193771,0.0864148993752897,0.0940725062284619,0.0226262434627861,0.187977270387113,0.0648036347702146,0.233652817249298,0.0563843438178301,0.2337904718481,0.144121332326904,0.0803873936422169,0.154716103803366,0.186604601796716,0.168938328279182,0.062978933962062,0.105586209731176,0.124,0.0955908470097929,0.124,0.0644262425377965,0.00682871153205633,0.0408138939421624,0.0693935062047094,0.0600288344323635,0.049371635472402,0.0451787593085319,0.0829484615717083,0.0973680232893676,0.376781099312007,0.114636089351028,0.15,0.65
0.0588134517204016,0.124,0.159058060195297,0.0950078181233257,0.277228031307459,0.215512581566349,0.196695453185588,0.124,0.020233311155811,0.0114788063112646,0.00840221128985286,0.0148717343583703,0.0788679427243769,0.223795264726505,0.135181514477357,0.0599490880742669,0.0852673472147435,0.02073915139772,0.0747584446109831,0.124,0.149587851949036,0.190909935161471,0.00052677809819579,0.0653321211468428,0.124,0.177660694276914,0.124,0.124,0.0621706367712468,0.0951457665544003,0.0613348499648273,0.0803036784529686,0.0208364095780998,0.14414286397025,0.128028022289276,0.0476695922445506,0.451796710327268,0.0799256436768919,0.14,0.66
0.0726402659676969,0.109868559917435,0.00485036003030836,0.30651356552355,0.302635254804045,0.0456731986962259,0.235057571833953,0.124,0.206273281179368,0.00913533142395317,0.124,0.0987655242681503,0.120390487533063,0.264136550249532,0.0384530734047294,0.0675130003839731,0.237504138542339,0.124,0.124,0.0847057874780148,0.0909750054124743,0.0533067812211812,0.0303917079474777,0.0323155272528529,0.124,0.0687511488106102,0.127382151946425,0.041359167477116,0.0954879714883864,0.070583287557587,0.143337048288435,0.159389468306676,0.12704557592608,0.0511092433482409,0.141148136161268,0.0716342601701617,0.367939810104668,0.0317739589847624,0.07,0.46
0.0654566038176417,0.217705831794068,0.0344238415602595,0.190833380842581,0.412716512801126,0.124,0.421129772836342,0.225881576934829,0.0190243075378239,0.124,0.00819231749139726,0.0429187006559223,0.105118199415505,0.11374580510892,0.0591321762185544,0.0399721863213927,0.188542363863438,0.0573934575077146,0.100809105835855,0.137751065194607,0.100268295267597,0.133427238324657,0.105348358094692,0.0394911430086941,0.124,0.022378086509183,0.0314082965962589,0.00933422497473657,0.0318680169768631,0.0472375966385007,0.0817965491916984,0.0320348238348961,0.1456480193194,0.124926815439016,0.00170369213446975,0.18857822304219,0.527774630649015,0.0583493888154626,0.13,0.51
0.262731204206124,0.124,0.00558382452093065,0.233810108551756,0.444730647606775,0.0807764517851174,0.202059527324513,0.0512685060277581,0.024251030921936,0.124,0.124,0.0892519705705345,0.0902498235702515,0.159907053923234,0.181799749774858,0.116213315330446,0.000249162480235099,0.139626824297011,0.124,0.144582977984101,0.084749540546909,0.0633103582076728,0.0480864457096905,0.047665649490431,0.0972635054495186,0.0669787483531982,0.0394649376869202,0.124,0.0761841567475349,0.202688280889764,0.0281115611325949,0.013743200968951,0.0614495677184314,0.0761584229078144,0.0749220172185451,0.108299045754597,0.481749976122752,0.0894870796948671,0.1,0.47
