Size,SizeRatio,Top1,Top5,W1,W10,W11,W12,W13,W14,W15,W16,W17,W18,W19,W2,W20,W21,W22,W23,W24,W25,W26,W27,W28,W29,W3,W30,W31,W32,W33,W34,W35,W36,W37,W38,W39,W4,W40,W41,W42,W43,W44,W45,W46,W47,W48,W49,W5,W50,W51,W52,W53,W54,W6,W7,W8,W9
81298624.0,0.09961929053435153,29.19,56.7,1.0,1.0,7.0,7.0,5.0,4.0,3.0,3.0,7.0,3.0,5.0,3.0,5.0,6.0,5.0,1.0,1.0,7.0,5.0,7.0,6.0,2.0,7.0,3.0,4.0,2.0,2.0,7.0,4.0,1.0,4.0,1.0,4.0,5.0,7.0,5.0,1.0,6.0,5.0,1.0,3.0,4.0,6.0,5.0,1.0,3.0,1.0,3.0,1.0,1.0,6.0,3.0,5.0,7.0
79860480.0,0.09785706040157297,58.36,82.77,4.0,5.0,2.0,4.0,2.0,5.0,2.0,6.0,3.0,7.0,5.0,5.0,3.0,4.0,1.0,3.0,1.0,6.0,7.0,1.0,3.0,6.0,7.0,1.0,2.0,1.0,5.0,2.0,3.0,1.0,5.0,2.0,2.0,4.0,4.0,3.0,5.0,1.0,4.0,6.0,1.0,1.0,7.0,2.0,1.0,5.0,3.0,4.0,1.0,1.0,4.0,3.0,4.0,6.0
80477760.0,0.09861344461369745,63.08,86.2,3.0,2.0,1.0,5.0,2.0,6.0,6.0,2.0,1.0,2.0,5.0,5.0,6.0,5.0,1.0,1.0,4.0,4.0,1.0,1.0,7.0,6.0,1.0,4.0,2.0,4.0,1.0,1.0,7.0,3.0,3.0,2.0,7.0,6.0,2.0,1.0,1.0,7.0,6.0,4.0,1.0,1.0,2.0,1.0,1.0,4.0,1.0,6.0,6.0,3.0,7.0,5.0,7.0,2.0
81501760.0,0.099868203285962,67.35,88.72,3.0,6.0,3.0,5.0,6.0,6.0,3.0,4.0,5.0,1.0,7.0,3.0,1.0,4.0,6.0,1.0,1.0,1.0,1.0,2.0,3.0,2.0,4.0,7.0,6.0,4.0,3.0,6.0,1.0,6.0,1.0,3.0,1.0,6.0,1.0,2.0,6.0,3.0,2.0,4.0,3.0,3.0,1.0,1.0,4.0,3.0,4.0,6.0,1.0,3.0,4.0,6.0,6.0,7.0
80767360.0,0.09896830605069727,47.51,73.86,2.0,3.0,1.0,4.0,2.0,2.0,1.0,1.0,1.0,4.0,5.0,1.0,3.0,6.0,4.0,6.0,2.0,2.0,2.0,2.0,3.0,4.0,1.0,4.0,6.0,3.0,3.0,4.0,3.0,1.0,1.0,4.0,2.0,3.0,5.0,3.0,4.0,1.0,4.0,6.0,5.0,3.0,1.0,4.0,1.0,1.0,3.0,4.0,2.0,1.0,4.0,1.0,2.0,1.0
81544704.0,0.0999208247277801,59.5,83.01,8.0,1.0,3.0,4.0,2.0,1.0,3.0,1.0,1.0,1.0,5.0,7.0,7.0,4.0,3.0,3.0,8.0,2.0,4.0,1.0,1.0,4.0,1.0,1.0,2.0,1.0,6.0,4.0,7.0,4.0,2.0,3.0,4.0,4.0,6.0,1.0,2.0,4.0,3.0,3.0,1.0,3.0,1.0,2.0,3.0,7.0,4.0,5.0,7.0,1.0,4.0,5.0,8.0,3.0
81417408.0,0.09976484254033421,45.31,71.99,1.0,4.0,2.0,1.0,1.0,1.0,7.0,3.0,2.0,7.0,1.0,3.0,2.0,5.0,2.0,3.0,6.0,5.0,1.0,7.0,7.0,6.0,1.0,5.0,1.0,1.0,1.0,5.0,4.0,3.0,4.0,1.0,3.0,3.0,2.0,5.0,4.0,1.0,1.0,6.0,1.0,5.0,1.0,1.0,1.0,1.0,4.0,2.0,3.0,5.0,4.0,3.0,2.0,7.0
81082304.0,0.09935422276483565,55.48,81.26,5.0,4.0,1.0,7.0,7.0,4.0,6.0,3.0,1.0,3.0,2.0,1.0,1.0,2.0,1.0,6.0,4.0,2.0,4.0,1.0,4.0,6.0,5.0,3.0,7.0,6.0,7.0,5.0,6.0,4.0,6.0,2.0,5.0,1.0,5.0,3.0,4.0,2.0,6.0,5.0,4.0,3.0,5.0,1.0,1.0,1.0,1.0,1.0,5.0,1.0,4.0,2.0,7.0,1.0
81251456.0,0.09956149321301035,60.91,84.12,6.0,3.0,1.0,1.0,4.0,3.0,1.0,3.0,1.0,3.0,4.0,1.0,1.0,3.0,3.0,5.0,3.0,1.0,4.0,1.0,1.0,2.0,1.0,1.0,2.0,6.0,3.0,1.0,1.0,1.0,4.0,3.0,6.0,2.0,1.0,3.0,3.0,1.0,2.0,5.0,6.0,2.0,6.0,4.0,6.0,1.0,3.0,3.0,1.0,4.0,1.0,6.0,1.0,1.0
80667840.0,0.09884635919223655,46.87,73.14,1.0,5.0,6.0,2.0,4.0,3.0,6.0,4.0,1.0,4.0,4.0,1.0,5.0,1.0,3.0,1.0,1.0,1.0,3.0,5.0,5.0,2.0,1.0,5.0,4.0,3.0,1.0,2.0,6.0,4.0,1.0,5.0,5.0,4.0,2.0,4.0,5.0,2.0,6.0,2.0,5.0,5.0,4.0,1.0,1.0,1.0,1.0,3.0,1.0,5.0,1.0,1.0,1.0,2.0
81495232.0,0.09986020419942633,55.75,80.52,1.0,6.0,4.0,7.0,2.0,4.0,1.0,1.0,3.0,1.0,5.0,1.0,6.0,3.0,2.0,6.0,3.0,5.0,3.0,2.0,7.0,6.0,2.0,2.0,5.0,1.0,6.0,6.0,1.0,7.0,3.0,1.0,3.0,1.0,5.0,1.0,5.0,2.0,1.0,4.0,1.0,4.0,1.0,3.0,3.0,2.0,2.0,4.0,3.0,2.0,5.0,1.0,4.0,3.0
81605824.0,0.09999571813603089,58.81,82.08,1.0,8.0,2.0,6.0,3.0,6.0,8.0,8.0,4.0,2.0,2.0,6.0,7.0,3.0,5.0,8.0,6.0,3.0,5.0,2.0,2.0,6.0,4.0,1.0,1.0,6.0,2.0,4.0,5.0,7.0,7.0,1.0,6.0,2.0,1.0,1.0,3.0,1.0,5.0,1.0,6.0,1.0,4.0,3.0,2.0,2.0,7.0,2.0,4.0,3.0,6.0,7.0,6.0,5.0
79975168.0,0.09799759337286659,64.72,86.57,4.0,1.0,4.0,1.0,2.0,1.0,5.0,2.0,4.0,4.0,5.0,2.0,1.0,5.0,4.0,2.0,3.0,1.0,6.0,2.0,1.0,1.0,2.0,4.0,1.0,5.0,5.0,5.0,7.0,7.0,5.0,5.0,5.0,1.0,2.0,5.0,5.0,3.0,5.0,1.0,3.0,1.0,5.0,1.0,6.0,5.0,1.0,2.0,6.0,5.0,1.0,7.0,1.0,7.0
80710016.0,0.09889803956505046,69.12,89.97,2.0,7.0,1.0,3.0,7.0,1.0,4.0,2.0,1.0,1.0,1.0,6.0,3.0,4.0,3.0,7.0,3.0,5.0,2.0,3.0,3.0,3.0,7.0,7.0,1.0,4.0,5.0,6.0,1.0,2.0,1.0,3.0,3.0,4.0,2.0,5.0,4.0,4.0,6.0,3.0,3.0,5.0,1.0,1.0,6.0,3.0,6.0,3.0,3.0,2.0,1.0,4.0,3.0,2.0
81378432.0,0.09971708328837114,69.92,89.86,6.0,2.0,1.0,2.0,5.0,4.0,5.0,4.0,4.0,6.0,3.0,4.0,5.0,1.0,1.0,6.0,5.0,7.0,3.0,1.0,1.0,6.0,2.0,7.0,4.0,3.0,6.0,1.0,3.0,3.0,1.0,2.0,2.0,2.0,3.0,5.0,3.0,4.0,5.0,1.0,2.0,6.0,1.0,1.0,7.0,2.0,1.0,4.0,5.0,5.0,6.0,6.0,1.0,2.0
81571392.0,0.099953526875676,64.39,86.47,3.0,5.0,7.0,1.0,5.0,1.0,3.0,7.0,6.0,6.0,4.0,1.0,1.0,6.0,1.0,7.0,1.0,5.0,3.0,1.0,7.0,7.0,7.0,4.0,1.0,1.0,3.0,1.0,6.0,2.0,4.0,3.0,3.0,2.0,3.0,7.0,3.0,5.0,1.0,5.0,6.0,5.0,4.0,1.0,1.0,4.0,1.0,1.0,1.0,3.0,2.0,7.0,1.0,5.0
80848832.0,0.09906813778755932,55.56,81.59,5.0,1.0,3.0,7.0,6.0,1.0,1.0,5.0,4.0,6.0,5.0,2.0,2.0,5.0,7.0,7.0,1.0,5.0,1.0,1.0,7.0,2.0,5.0,7.0,1.0,6.0,1.0,4.0,5.0,7.0,6.0,1.0,5.0,4.0,6.0,1.0,5.0,3.0,3.0,2.0,2.0,1.0,5.0,1.0,7.0,6.0,1.0,6.0,4.0,1.0,4.0,3.0,4.0,3.0
79918272.0,0.0979278758441389,57.03,81.79,1.0,1.0,2.0,6.0,1.0,3.0,6.0,7.0,6.0,5.0,4.0,7.0,4.0,3.0,7.0,1.0,1.0,6.0,6.0,6.0,2.0,7.0,7.0,1.0,4.0,5.0,5.0,1.0,1.0,1.0,1.0,5.0,3.0,7.0,3.0,4.0,7.0,6.0,2.0,4.0,1.0,5.0,1.0,1.0,4.0,5.0,5.0,1.0,3.0,3.0,1.0,6.0,4.0,7.0
81532864.0,0.09990631658063205,59.64,82.7,5.0,2.0,3.0,4.0,1.0,6.0,1.0,1.0,1.0,7.0,7.0,3.0,5.0,1.0,7.0,3.0,1.0,4.0,2.0,2.0,3.0,4.0,4.0,5.0,5.0,3.0,6.0,2.0,4.0,1.0,1.0,2.0,3.0,6.0,1.0,1.0,4.0,1.0,5.0,4.0,6.0,3.0,1.0,2.0,4.0,1.0,6.0,5.0,4.0,1.0,4.0,1.0,2.0,7.0
80673920.0,0.09885380932185313,65.59,87.63,6.0,3.0,1.0,1.0,1.0,4.0,5.0,6.0,2.0,5.0,1.0,5.0,1.0,1.0,1.0,1.0,4.0,5.0,1.0,4.0,5.0,5.0,4.0,1.0,1.0,1.0,5.0,5.0,5.0,6.0,2.0,1.0,5.0,4.0,6.0,2.0,5.0,1.0,6.0,1.0,5.0,5.0,1.0,4.0,5.0,1.0,1.0,4.0,2.0,3.0,3.0,6.0,2.0,1.0
79830144.0,0.09781988817590713,74.69,92.49,6.0,7.0,5.0,4.0,1.0,1.0,4.0,6.0,3.0,1.0,3.0,1.0,1.0,3.0,7.0,5.0,3.0,3.0,6.0,5.0,4.0,4.0,6.0,4.0,2.0,6.0,3.0,5.0,5.0,4.0,3.0,6.0,5.0,3.0,1.0,7.0,1.0,4.0,7.0,2.0,3.0,1.0,6.0,1.0,6.0,6.0,5.0,1.0,4.0,3.0,3.0,2.0,2.0,3.0
81371456.0,0.09970853524491635,51.19,77.68,7.0,2.0,7.0,7.0,1.0,1.0,7.0,5.0,3.0,6.0,1.0,6.0,2.0,1.0,4.0,4.0,3.0,6.0,3.0,1.0,7.0,1.0,4.0,5.0,5.0,6.0,7.0,1.0,2.0,3.0,1.0,4.0,5.0,5.0,1.0,1.0,1.0,5.0,1.0,3.0,2.0,1.0,5.0,6.0,3.0,1.0,1.0,6.0,1.0,1.0,6.0,2.0,5.0,4.0
81482496.0,0.09984459813844003,63.34,85.49,4.0,6.0,2.0,6.0,1.0,2.0,5.0,5.0,4.0,3.0,6.0,3.0,7.0,3.0,4.0,5.0,1.0,2.0,6.0,3.0,1.0,6.0,7.0,1.0,1.0,4.0,2.0,6.0,2.0,3.0,3.0,1.0,2.0,4.0,1.0,2.0,1.0,7.0,4.0,1.0,1.0,4.0,3.0,6.0,2.0,7.0,6.0,1.0,7.0,1.0,3.0,4.0,1.0,2.0
80924992.0,0.099161460463809,74.08,92.64,7.0,1.0,5.0,7.0,6.0,5.0,6.0,1.0,4.0,3.0,6.0,2.0,4.0,2.0,3.0,4.0,3.0,5.0,1.0,6.0,3.0,2.0,8.0,6.0,1.0,6.0,5.0,7.0,4.0,2.0,4.0,8.0,2.0,3.0,4.0,3.0,6.0,2.0,8.0,4.0,1.0,1.0,1.0,1.0,8.0,7.0,6.0,3.0,2.0,2.0,4.0,6.0,7.0,4.0
80831680.0,0.09904712057979889,55.94,81.35,1.0,7.0,1.0,6.0,1.0,5.0,5.0,7.0,3.0,4.0,1.0,2.0,2.0,2.0,7.0,3.0,4.0,5.0,4.0,6.0,1.0,2.0,1.0,5.0,2.0,7.0,2.0,6.0,3.0,2.0,7.0,1.0,5.0,1.0,4.0,5.0,5.0,4.0,1.0,3.0,2.0,7.0,5.0,1.0,2.0,2.0,3.0,1.0,5.0,2.0,6.0,2.0,4.0,5.0
80973376.0,0.0992207478110735,68.7,89.7,3.0,5.0,7.0,1.0,6.0,2.0,4.0,1.0,2.0,4.0,1.0,1.0,4.0,3.0,5.0,2.0,7.0,1.0,7.0,4.0,1.0,7.0,2.0,3.0,2.0,1.0,2.0,1.0,4.0,2.0,1.0,2.0,2.0,4.0,2.0,3.0,5.0,7.0,3.0,3.0,5.0,3.0,1.0,5.0,7.0,1.0,1.0,4.0,5.0,2.0,3.0,6.0,6.0,2.0
81516928.0,0.09988678939879493,59.53,82.55,2.0,4.0,2.0,5.0,1.0,1.0,1.0,1.0,1.0,1.0,3.0,5.0,2.0,6.0,1.0,1.0,5.0,1.0,3.0,5.0,3.0,6.0,3.0,1.0,4.0,5.0,6.0,5.0,3.0,4.0,1.0,3.0,1.0,4.0,5.0,1.0,4.0,1.0,6.0,3.0,5.0,3.0,1.0,3.0,1.0,1.0,3.0,3.0,4.0,5.0,1.0,1.0,3.0,4.0
81222016.0,0.09952541890118273,66.54,88.06,2.0,8.0,8.0,2.0,6.0,6.0,5.0,8.0,8.0,3.0,5.0,7.0,1.0,6.0,7.0,4.0,7.0,4.0,5.0,8.0,1.0,5.0,2.0,4.0,7.0,7.0,7.0,1.0,3.0,1.0,4.0,2.0,1.0,7.0,1.0,5.0,4.0,2.0,2.0,1.0,1.0,3.0,1.0,4.0,4.0,3.0,4.0,6.0,1.0,2.0,4.0,8.0,5.0,5.0
81220800.0,0.09952392887525942,64.94,86.54,1.0,3.0,4.0,6.0,4.0,5.0,4.0,5.0,6.0,3.0,2.0,4.0,7.0,4.0,4.0,5.0,4.0,3.0,4.0,3.0,5.0,1.0,5.0,7.0,6.0,3.0,3.0,2.0,1.0,1.0,4.0,7.0,5.0,3.0,5.0,2.0,2.0,5.0,6.0,1.0,2.0,1.0,3.0,6.0,5.0,2.0,5.0,2.0,3.0,3.0,4.0,3.0,7.0,7.0
80698944.0,0.0988844724869066,68.93,89.75,3.0,1.0,4.0,1.0,5.0,7.0,4.0,6.0,2.0,2.0,6.0,3.0,5.0,6.0,2.0,1.0,5.0,7.0,2.0,4.0,2.0,1.0,1.0,1.0,7.0,1.0,7.0,1.0,1.0,6.0,3.0,1.0,4.0,6.0,1.0,2.0,2.0,4.0,2.0,6.0,3.0,5.0,1.0,1.0,3.0,2.0,6.0,2.0,2.0,3.0,3.0,6.0,2.0,1.0
79686016.0,0.09764328089278589,64.69,86.98,2.0,1.0,2.0,2.0,3.0,7.0,1.0,1.0,5.0,3.0,4.0,3.0,5.0,1.0,2.0,6.0,1.0,7.0,1.0,5.0,2.0,5.0,7.0,2.0,4.0,7.0,1.0,7.0,4.0,2.0,2.0,1.0,6.0,6.0,5.0,3.0,7.0,3.0,4.0,6.0,4.0,1.0,1.0,6.0,6.0,1.0,1.0,1.0,1.0,3.0,5.0,3.0,1.0,3.0
81470656.0,0.09983008999129198,54.19,78.88,1.0,5.0,1.0,2.0,4.0,8.0,8.0,1.0,1.0,2.0,3.0,7.0,6.0,7.0,6.0,4.0,2.0,1.0,4.0,2.0,5.0,2.0,4.0,7.0,1.0,5.0,1.0,2.0,4.0,5.0,2.0,1.0,5.0,5.0,7.0,1.0,5.0,4.0,1.0,1.0,3.0,1.0,3.0,7.0,5.0,1.0,1.0,3.0,7.0,2.0,6.0,8.0,4.0,2.0
81527552.0,0.09989980752001967,51.85,78.27,4.0,3.0,3.0,5.0,6.0,1.0,4.0,6.0,1.0,1.0,3.0,8.0,2.0,8.0,4.0,1.0,6.0,1.0,2.0,3.0,7.0,1.0,6.0,3.0,5.0,6.0,1.0,1.0,1.0,3.0,3.0,4.0,4.0,4.0,5.0,1.0,6.0,6.0,2.0,3.0,7.0,6.0,5.0,3.0,1.0,5.0,1.0,1.0,1.0,1.0,8.0,2.0,3.0,7.0
81346112.0,0.0996774799677778,54.05,79.17,3.0,7.0,3.0,1.0,7.0,1.0,6.0,1.0,6.0,2.0,5.0,6.0,1.0,4.0,7.0,2.0,2.0,3.0,6.0,1.0,3.0,2.0,1.0,6.0,3.0,2.0,1.0,4.0,1.0,7.0,1.0,1.0,3.0,1.0,3.0,1.0,1.0,1.0,6.0,2.0,5.0,6.0,5.0,3.0,1.0,1.0,2.0,4.0,2.0,1.0,3.0,3.0,1.0,1.0
81154368.0,0.09944252640639625,71.82,90.59,7.0,8.0,4.0,8.0,7.0,7.0,7.0,7.0,6.0,7.0,8.0,8.0,1.0,1.0,6.0,5.0,6.0,8.0,6.0,2.0,1.0,1.0,4.0,1.0,6.0,3.0,6.0,1.0,7.0,2.0,6.0,3.0,7.0,5.0,7.0,1.0,3.0,4.0,3.0,1.0,2.0,2.0,5.0,2.0,2.0,7.0,1.0,1.0,1.0,7.0,4.0,5.0,2.0,2.0
80655552.0,0.09883130208816938,47.11,73.36,1.0,3.0,1.0,3.0,2.0,6.0,2.0,5.0,2.0,2.0,6.0,6.0,3.0,1.0,2.0,4.0,5.0,6.0,2.0,2.0,6.0,3.0,6.0,5.0,4.0,2.0,1.0,6.0,2.0,7.0,6.0,1.0,4.0,3.0,7.0,4.0,2.0,1.0,1.0,3.0,6.0,5.0,5.0,1.0,1.0,1.0,1.0,1.0,1.0,6.0,4.0,6.0,3.0,4.0
81178176.0,0.09947169954552641,68.06,88.53,3.0,4.0,6.0,6.0,6.0,4.0,1.0,1.0,4.0,4.0,1.0,1.0,1.0,2.0,2.0,2.0,4.0,5.0,3.0,4.0,3.0,1.0,2.0,3.0,3.0,5.0,2.0,4.0,5.0,1.0,1.0,1.0,1.0,3.0,2.0,1.0,6.0,2.0,3.0,6.0,2.0,2.0,3.0,5.0,1.0,3.0,3.0,1.0,2.0,5.0,3.0,1.0,1.0,1.0
81217920.0,0.09952039986649368,62.03,85.64,2.0,7.0,8.0,7.0,2.0,4.0,5.0,7.0,2.0,2.0,8.0,3.0,4.0,4.0,2.0,7.0,3.0,2.0,5.0,2.0,4.0,3.0,6.0,7.0,5.0,2.0,1.0,5.0,5.0,1.0,3.0,2.0,1.0,3.0,1.0,1.0,4.0,7.0,2.0,2.0,3.0,3.0,5.0,7.0,1.0,1.0,2.0,2.0,5.0,1.0,3.0,4.0,5.0,3.0
80807872.0,0.09901794744066873,58.23,82.96,5.0,4.0,7.0,6.0,1.0,1.0,3.0,2.0,1.0,2.0,5.0,7.0,3.0,3.0,4.0,2.0,5.0,7.0,6.0,4.0,7.0,6.0,1.0,1.0,4.0,1.0,5.0,6.0,2.0,3.0,6.0,6.0,1.0,3.0,1.0,5.0,1.0,1.0,1.0,2.0,6.0,4.0,3.0,3.0,5.0,4.0,1.0,5.0,2.0,1.0,7.0,1.0,5.0,3.0
81401024.0,0.09974476640157798,45.62,72.88,1.0,2.0,1.0,7.0,1.0,3.0,1.0,3.0,2.0,5.0,6.0,6.0,5.0,3.0,4.0,5.0,7.0,4.0,6.0,6.0,7.0,1.0,6.0,5.0,5.0,6.0,2.0,3.0,1.0,5.0,1.0,7.0,4.0,1.0,1.0,5.0,6.0,3.0,1.0,6.0,7.0,1.0,7.0,1.0,1.0,1.0,1.0,1.0,3.0,2.0,6.0,1.0,7.0,1.0
81161792.0,0.09945162340677018,64.68,86.09,3.0,7.0,7.0,3.0,2.0,5.0,1.0,3.0,1.0,5.0,4.0,8.0,7.0,2.0,7.0,7.0,6.0,1.0,6.0,4.0,6.0,1.0,5.0,1.0,4.0,4.0,4.0,1.0,5.0,2.0,1.0,1.0,7.0,5.0,7.0,5.0,1.0,1.0,7.0,1.0,2.0,2.0,6.0,3.0,7.0,5.0,3.0,3.0,7.0,1.0,3.0,4.0,8.0,4.0
81173632.0,0.09946613155391823,62.63,84.85,6.0,7.0,3.0,3.0,1.0,1.0,1.0,4.0,5.0,1.0,7.0,1.0,1.0,2.0,4.0,1.0,6.0,1.0,3.0,7.0,7.0,6.0,7.0,2.0,6.0,6.0,2.0,6.0,5.0,1.0,3.0,4.0,1.0,1.0,3.0,4.0,6.0,3.0,3.0,1.0,6.0,4.0,4.0,5.0,1.0,1.0,1.0,2.0,1.0,4.0,3.0,5.0,1.0,1.0
80581824.0,0.09874095946376633,48.02,74.76,1.0,1.0,2.0,6.0,2.0,2.0,2.0,4.0,7.0,6.0,3.0,6.0,6.0,7.0,3.0,4.0,1.0,3.0,2.0,1.0,1.0,4.0,7.0,1.0,5.0,1.0,5.0,4.0,1.0,3.0,7.0,5.0,6.0,3.0,4.0,5.0,1.0,1.0,1.0,4.0,3.0,3.0,2.0,7.0,1.0,2.0,1.0,3.0,1.0,2.0,5.0,5.0,2.0,1.0
81347776.0,0.09967951895062023,39.15,66.25,1.0,6.0,1.0,3.0,1.0,2.0,5.0,2.0,4.0,1.0,3.0,1.0,5.0,3.0,4.0,1.0,4.0,4.0,1.0,1.0,3.0,3.0,6.0,7.0,1.0,2.0,7.0,7.0,1.0,1.0,3.0,6.0,1.0,1.0,6.0,3.0,6.0,1.0,3.0,5.0,5.0,2.0,1.0,5.0,4.0,3.0,1.0,4.0,1.0,1.0,2.0,1.0,3.0,6.0
80512960.0,0.09865657694305655,44.84,72.03,5.0,1.0,6.0,1.0,5.0,1.0,1.0,6.0,1.0,5.0,2.0,2.0,6.0,4.0,5.0,5.0,3.0,4.0,7.0,7.0,1.0,1.0,5.0,6.0,5.0,1.0,5.0,4.0,2.0,1.0,6.0,1.0,6.0,4.0,3.0,6.0,6.0,5.0,1.0,3.0,6.0,1.0,5.0,2.0,1.0,1.0,1.0,6.0,1.0,1.0,1.0,5.0,2.0,4.0
80205760.0,0.09828014934137717,54.45,80.52,5.0,1.0,1.0,4.0,1.0,5.0,1.0,5.0,6.0,2.0,2.0,1.0,6.0,6.0,6.0,4.0,2.0,5.0,6.0,4.0,5.0,1.0,1.0,3.0,5.0,1.0,3.0,6.0,4.0,4.0,1.0,6.0,2.0,4.0,5.0,1.0,6.0,2.0,3.0,4.0,4.0,3.0,1.0,5.0,5.0,4.0,1.0,1.0,4.0,1.0,4.0,3.0,2.0,3.0
81475968.0,0.09983659905190435,61.42,84.44,2.0,1.0,4.0,2.0,5.0,2.0,4.0,3.0,5.0,1.0,4.0,4.0,2.0,5.0,2.0,1.0,4.0,4.0,4.0,3.0,5.0,5.0,1.0,1.0,1.0,1.0,1.0,3.0,1.0,1.0,1.0,4.0,5.0,2.0,3.0,2.0,5.0,1.0,1.0,5.0,1.0,4.0,5.0,4.0,1.0,4.0,4.0,1.0,2.0,4.0,4.0,1.0,1.0,3.0
81508288.0,0.0998762023724977,68.84,89.44,5.0,7.0,6.0,3.0,5.0,6.0,1.0,4.0,1.0,7.0,3.0,1.0,5.0,7.0,2.0,2.0,2.0,2.0,8.0,3.0,3.0,3.0,1.0,2.0,5.0,4.0,2.0,1.0,3.0,5.0,5.0,4.0,6.0,8.0,1.0,4.0,1.0,4.0,1.0,1.0,1.0,1.0,4.0,1.0,8.0,1.0,7.0,6.0,5.0,5.0,6.0,3.0,5.0,2.0
81359168.0,0.09969347814084917,69.07,89.18,7.0,6.0,3.0,7.0,6.0,2.0,1.0,1.0,6.0,5.0,2.0,5.0,2.0,6.0,3.0,7.0,7.0,2.0,7.0,1.0,1.0,3.0,7.0,1.0,2.0,7.0,2.0,1.0,7.0,2.0,2.0,2.0,4.0,2.0,7.0,3.0,5.0,1.0,5.0,4.0,1.0,2.0,6.0,1.0,4.0,7.0,1.0,3.0,1.0,5.0,4.0,1.0,1.0,3.0
81607040.0,0.09999720816195422,67.04,87.79,2.0,5.0,2.0,5.0,1.0,6.0,6.0,1.0,2.0,4.0,3.0,2.0,7.0,7.0,1.0,2.0,1.0,7.0,6.0,2.0,1.0,5.0,4.0,4.0,3.0,2.0,1.0,4.0,1.0,2.0,1.0,1.0,4.0,6.0,1.0,2.0,1.0,1.0,2.0,6.0,5.0,1.0,5.0,5.0,3.0,1.0,2.0,1.0,1.0,6.0,4.0,4.0,3.0,4.0
81363712.0,0.09969904613245735,69.27,89.74,4.0,5.0,3.0,1.0,1.0,5.0,7.0,7.0,2.0,6.0,3.0,1.0,3.0,5.0,1.0,6.0,7.0,4.0,6.0,7.0,7.0,1.0,7.0,3.0,3.0,1.0,2.0,4.0,1.0,5.0,1.0,6.0,5.0,6.0,1.0,4.0,3.0,5.0,3.0,6.0,3.0,1.0,1.0,4.0,4.0,1.0,1.0,1.0,2.0,5.0,1.0,2.0,5.0,2.0
81384640.0,0.09972469026282176,61.51,84.36,1.0,3.0,1.0,4.0,3.0,6.0,5.0,4.0,1.0,6.0,7.0,7.0,4.0,7.0,6.0,6.0,6.0,5.0,4.0,1.0,7.0,2.0,7.0,5.0,6.0,1.0,2.0,3.0,6.0,1.0,2.0,3.0,3.0,1.0,3.0,6.0,1.0,1.0,3.0,4.0,1.0,2.0,1.0,3.0,2.0,1.0,4.0,3.0,5.0,5.0,2.0,6.0,7.0,5.0
81084736.0,0.09935720281668227,64.91,87.94,7.0,7.0,2.0,3.0,5.0,4.0,8.0,4.0,5.0,6.0,2.0,2.0,5.0,4.0,3.0,3.0,7.0,7.0,6.0,7.0,5.0,4.0,3.0,2.0,3.0,7.0,2.0,7.0,5.0,1.0,3.0,5.0,6.0,6.0,7.0,1.0,2.0,7.0,5.0,1.0,1.0,3.0,3.0,4.0,3.0,5.0,2.0,4.0,1.0,1.0,8.0,4.0,8.0,5.0
80346240.0,0.09845228654672847,60.5,83.9,6.0,1.0,1.0,3.0,5.0,1.0,1.0,3.0,1.0,5.0,3.0,3.0,1.0,1.0,3.0,2.0,6.0,6.0,3.0,1.0,1.0,2.0,1.0,1.0,2.0,6.0,2.0,4.0,1.0,6.0,5.0,4.0,5.0,5.0,6.0,1.0,4.0,2.0,2.0,6.0,4.0,4.0,1.0,1.0,5.0,3.0,1.0,4.0,1.0,4.0,1.0,5.0,4.0,5.0
80704704.0,0.09889153050443808,53.34,78.15,1.0,7.0,1.0,6.0,2.0,2.0,2.0,4.0,7.0,7.0,3.0,3.0,1.0,7.0,3.0,7.0,2.0,7.0,2.0,1.0,1.0,1.0,2.0,2.0,1.0,3.0,1.0,1.0,4.0,2.0,1.0,3.0,1.0,5.0,1.0,2.0,2.0,6.0,7.0,3.0,5.0,1.0,2.0,1.0,1.0,1.0,7.0,6.0,6.0,5.0,1.0,1.0,4.0,4.0
81363264.0,0.09969849717553823,60.46,84.17,7.0,2.0,5.0,2.0,3.0,8.0,2.0,8.0,2.0,6.0,3.0,8.0,2.0,4.0,6.0,8.0,1.0,4.0,2.0,3.0,4.0,1.0,8.0,3.0,3.0,2.0,1.0,5.0,5.0,1.0,7.0,2.0,7.0,8.0,3.0,1.0,1.0,7.0,6.0,7.0,2.0,7.0,1.0,1.0,5.0,6.0,1.0,1.0,2.0,1.0,5.0,2.0,3.0,7.0
79942848.0,0.09795799005227325,49.55,74.94,1.0,1.0,4.0,3.0,2.0,1.0,3.0,3.0,1.0,4.0,3.0,1.0,1.0,5.0,6.0,3.0,2.0,6.0,2.0,1.0,5.0,3.0,6.0,1.0,3.0,1.0,4.0,1.0,3.0,1.0,5.0,3.0,2.0,1.0,1.0,3.0,1.0,5.0,2.0,6.0,1.0,5.0,4.0,1.0,6.0,5.0,1.0,5.0,1.0,3.0,2.0,3.0,5.0,6.0
81518912.0,0.09988922049372244,66.05,88.4,7.0,5.0,4.0,6.0,1.0,6.0,1.0,7.0,3.0,3.0,1.0,4.0,7.0,5.0,6.0,4.0,1.0,2.0,6.0,1.0,7.0,2.0,3.0,4.0,4.0,6.0,4.0,7.0,6.0,6.0,2.0,3.0,5.0,5.0,1.0,4.0,5.0,3.0,1.0,7.0,1.0,1.0,2.0,1.0,3.0,1.0,4.0,3.0,3.0,2.0,1.0,6.0,7.0,6.0
81281792.0,0.09959866543867618,71.65,90.96,4.0,5.0,5.0,2.0,4.0,4.0,6.0,4.0,6.0,1.0,3.0,1.0,1.0,4.0,6.0,6.0,6.0,3.0,4.0,3.0,6.0,3.0,2.0,5.0,3.0,2.0,3.0,4.0,1.0,2.0,1.0,3.0,2.0,2.0,7.0,4.0,7.0,3.0,6.0,3.0,2.0,1.0,1.0,3.0,1.0,3.0,1.0,3.0,3.0,6.0,6.0,7.0,1.0,1.0
81592640.0,0.09997956311812549,68.8,89.73,7.0,3.0,7.0,2.0,7.0,5.0,3.0,4.0,5.0,1.0,4.0,8.0,4.0,4.0,6.0,4.0,8.0,3.0,1.0,1.0,5.0,3.0,1.0,1.0,7.0,7.0,1.0,1.0,5.0,3.0,5.0,7.0,5.0,8.0,6.0,7.0,1.0,1.0,4.0,1.0,7.0,5.0,1.0,1.0,3.0,3.0,1.0,4.0,6.0,3.0,3.0,8.0,7.0,8.0
79955904.0,0.09797398822534462,61.62,84.9,5.0,4.0,3.0,2.0,6.0,4.0,1.0,6.0,1.0,3.0,3.0,1.0,1.0,1.0,1.0,1.0,3.0,6.0,3.0,4.0,2.0,2.0,2.0,3.0,2.0,1.0,6.0,5.0,4.0,5.0,1.0,1.0,1.0,1.0,5.0,3.0,1.0,2.0,4.0,3.0,5.0,6.0,5.0,1.0,6.0,1.0,3.0,4.0,5.0,1.0,3.0,2.0,1.0,3.0
81593088.0,0.0999801120750446,65.09,87.17,4.0,4.0,5.0,8.0,7.0,7.0,2.0,4.0,5.0,4.0,1.0,3.0,6.0,5.0,3.0,4.0,1.0,5.0,2.0,2.0,7.0,1.0,4.0,2.0,7.0,1.0,3.0,1.0,1.0,7.0,1.0,1.0,2.0,8.0,3.0,3.0,7.0,7.0,2.0,1.0,3.0,2.0,3.0,5.0,8.0,4.0,7.0,4.0,1.0,1.0,6.0,8.0,3.0,4.0
81129024.0,0.0994114711292577,65.56,87.68,3.0,2.0,1.0,2.0,3.0,7.0,3.0,5.0,6.0,1.0,1.0,1.0,5.0,1.0,4.0,7.0,3.0,5.0,1.0,6.0,3.0,6.0,7.0,5.0,3.0,5.0,4.0,5.0,1.0,6.0,2.0,6.0,4.0,2.0,7.0,4.0,4.0,7.0,3.0,2.0,1.0,2.0,1.0,5.0,6.0,3.0,4.0,4.0,2.0,1.0,2.0,6.0,2.0,1.0
81478848.0,0.0998401280606701,39.91,64.78,1.0,4.0,3.0,2.0,1.0,8.0,8.0,4.0,6.0,3.0,7.0,1.0,6.0,6.0,5.0,1.0,4.0,3.0,4.0,7.0,6.0,7.0,3.0,3.0,3.0,2.0,4.0,7.0,5.0,2.0,7.0,7.0,1.0,5.0,4.0,1.0,1.0,7.0,2.0,2.0,1.0,1.0,6.0,6.0,6.0,7.0,1.0,2.0,3.0,1.0,5.0,6.0,4.0,1.0
80388864.0,0.09850451587646147,64.43,86.62,4.0,6.0,1.0,5.0,2.0,2.0,1.0,5.0,1.0,5.0,4.0,6.0,1.0,2.0,4.0,3.0,6.0,3.0,3.0,2.0,4.0,5.0,1.0,6.0,3.0,3.0,4.0,5.0,3.0,5.0,4.0,2.0,5.0,1.0,2.0,1.0,1.0,2.0,6.0,6.0,1.0,1.0,1.0,2.0,1.0,5.0,3.0,5.0,1.0,2.0,5.0,4.0,1.0,2.0
81544384.0,0.09992043261569503,62.61,85.13,1.0,3.0,3.0,2.0,5.0,5.0,2.0,6.0,4.0,3.0,6.0,1.0,1.0,6.0,1.0,3.0,6.0,7.0,7.0,6.0,3.0,2.0,2.0,1.0,7.0,4.0,7.0,2.0,7.0,5.0,1.0,4.0,1.0,4.0,7.0,6.0,3.0,1.0,2.0,1.0,6.0,4.0,2.0,3.0,3.0,1.0,2.0,2.0,2.0,5.0,3.0,4.0,3.0,6.0
80925440.0,0.09916200942072811,70.73,90.26,4.0,6.0,2.0,3.0,6.0,2.0,6.0,3.0,2.0,5.0,6.0,6.0,6.0,6.0,5.0,4.0,6.0,5.0,3.0,1.0,5.0,3.0,6.0,5.0,2.0,4.0,2.0,3.0,1.0,1.0,3.0,5.0,6.0,6.0,2.0,5.0,1.0,1.0,2.0,1.0,6.0,3.0,3.0,3.0,6.0,5.0,4.0,1.0,4.0,5.0,2.0,6.0,1.0,1.0
81267840.0,0.09958156935176657,75.72,93.1,6.0,4.0,1.0,5.0,1.0,2.0,3.0,6.0,6.0,6.0,4.0,2.0,5.0,5.0,4.0,4.0,6.0,5.0,4.0,4.0,1.0,3.0,3.0,3.0,3.0,1.0,3.0,1.0,3.0,6.0,5.0,2.0,3.0,5.0,4.0,3.0,5.0,2.0,2.0,3.0,4.0,3.0,1.0,3.0,5.0,3.0,4.0,1.0,5.0,5.0,5.0,2.0,5.0,4.0
81155264.0,0.09944362432023449,62.72,84.88,1.0,7.0,5.0,6.0,5.0,4.0,5.0,7.0,2.0,4.0,3.0,5.0,3.0,5.0,7.0,7.0,7.0,6.0,1.0,1.0,3.0,3.0,5.0,4.0,5.0,2.0,6.0,1.0,4.0,1.0,1.0,1.0,2.0,4.0,5.0,3.0,4.0,2.0,3.0,1.0,6.0,2.0,4.0,1.0,4.0,6.0,3.0,3.0,4.0,6.0,3.0,6.0,3.0,5.0
81421504.0,0.09976986157502328,52.64,78.0,1.0,5.0,3.0,1.0,5.0,4.0,3.0,5.0,1.0,2.0,2.0,5.0,6.0,4.0,2.0,6.0,3.0,1.0,4.0,4.0,2.0,4.0,5.0,3.0,1.0,1.0,4.0,3.0,5.0,4.0,4.0,1.0,3.0,5.0,3.0,3.0,3.0,4.0,1.0,4.0,5.0,3.0,4.0,2.0,2.0,2.0,1.0,2.0,5.0,5.0,2.0,5.0,3.0,6.0
81362048.0,0.09969700714961491,70.54,90.57,6.0,4.0,4.0,4.0,3.0,1.0,5.0,6.0,4.0,6.0,6.0,3.0,5.0,2.0,2.0,4.0,1.0,2.0,1.0,4.0,3.0,2.0,5.0,1.0,6.0,1.0,6.0,2.0,6.0,5.0,4.0,4.0,3.0,3.0,5.0,4.0,6.0,3.0,3.0,4.0,5.0,1.0,1.0,1.0,1.0,4.0,3.0,5.0,3.0,3.0,1.0,6.0,3.0,5.0
81502528.0,0.09986914435496622,66.7,88.76,7.0,6.0,6.0,3.0,3.0,6.0,7.0,6.0,6.0,5.0,3.0,1.0,3.0,5.0,2.0,6.0,5.0,7.0,7.0,4.0,4.0,7.0,1.0,5.0,7.0,5.0,4.0,7.0,4.0,3.0,6.0,5.0,5.0,1.0,2.0,6.0,2.0,6.0,6.0,1.0,1.0,1.0,5.0,3.0,6.0,1.0,5.0,4.0,2.0,1.0,7.0,6.0,6.0,6.0
81368256.0,0.09970461412406552,56.43,80.5,1.0,6.0,2.0,3.0,1.0,2.0,5.0,3.0,4.0,5.0,5.0,5.0,5.0,2.0,4.0,4.0,4.0,1.0,2.0,6.0,2.0,1.0,3.0,4.0,4.0,5.0,4.0,1.0,2.0,5.0,4.0,1.0,1.0,3.0,6.0,6.0,1.0,3.0,6.0,1.0,1.0,6.0,5.0,2.0,6.0,1.0,3.0,3.0,4.0,5.0,4.0,1.0,1.0,1.0
81516480.0,0.09988624044187581,70.79,90.14,5.0,3.0,3.0,6.0,4.0,5.0,5.0,4.0,3.0,4.0,2.0,5.0,4.0,5.0,3.0,3.0,3.0,3.0,4.0,6.0,4.0,1.0,1.0,4.0,1.0,4.0,5.0,5.0,3.0,5.0,1.0,3.0,1.0,1.0,5.0,2.0,5.0,1.0,3.0,1.0,5.0,4.0,4.0,4.0,2.0,5.0,1.0,1.0,1.0,5.0,2.0,5.0,6.0,6.0
81133120.0,0.09941649016394677,65.05,87.4,3.0,6.0,6.0,3.0,6.0,3.0,5.0,4.0,5.0,3.0,6.0,1.0,5.0,1.0,4.0,2.0,1.0,4.0,6.0,5.0,5.0,6.0,6.0,3.0,4.0,1.0,4.0,1.0,3.0,5.0,1.0,5.0,1.0,4.0,3.0,6.0,6.0,5.0,2.0,4.0,4.0,4.0,1.0,2.0,5.0,5.0,3.0,1.0,5.0,1.0,4.0,4.0,5.0,1.0
80618688.0,0.09878613077596786,60.93,84.51,1.0,2.0,5.0,6.0,6.0,5.0,4.0,6.0,6.0,2.0,2.0,5.0,4.0,2.0,6.0,6.0,2.0,2.0,3.0,1.0,5.0,3.0,5.0,5.0,5.0,1.0,2.0,4.0,3.0,4.0,1.0,3.0,5.0,3.0,5.0,5.0,2.0,4.0,1.0,5.0,4.0,3.0,5.0,1.0,5.0,2.0,3.0,2.0,5.0,2.0,5.0,4.0,5.0,3.0
81205632.0,0.09950534276242651,65.43,87.44,2.0,2.0,6.0,1.0,6.0,3.0,4.0,3.0,1.0,4.0,6.0,4.0,6.0,1.0,5.0,5.0,1.0,5.0,3.0,1.0,4.0,1.0,2.0,3.0,2.0,2.0,4.0,3.0,2.0,5.0,5.0,1.0,4.0,5.0,5.0,4.0,5.0,5.0,1.0,4.0,5.0,4.0,4.0,3.0,2.0,1.0,4.0,1.0,4.0,2.0,1.0,5.0,2.0,4.0
81333376.0,0.0996618739067915,68.83,89.33,6.0,6.0,1.0,4.0,6.0,4.0,1.0,1.0,5.0,5.0,5.0,4.0,1.0,3.0,5.0,1.0,6.0,5.0,3.0,5.0,5.0,6.0,5.0,2.0,5.0,4.0,1.0,5.0,4.0,1.0,6.0,1.0,3.0,4.0,2.0,1.0,1.0,4.0,3.0,5.0,1.0,4.0,1.0,3.0,5.0,3.0,2.0,5.0,3.0,2.0,6.0,4.0,4.0,3.0
81464448.0,0.09982248301684137,73.93,92.02,6.0,3.0,5.0,3.0,6.0,6.0,4.0,2.0,5.0,4.0,6.0,2.0,4.0,6.0,1.0,5.0,6.0,6.0,4.0,5.0,1.0,5.0,4.0,3.0,2.0,3.0,1.0,1.0,3.0,4.0,5.0,5.0,3.0,6.0,1.0,3.0,4.0,3.0,3.0,5.0,5.0,1.0,1.0,1.0,1.0,4.0,3.0,3.0,4.0,5.0,4.0,6.0,5.0,3.0
81599616.0,0.0999881111615803,74.96,93.01,6.0,4.0,4.0,4.0,5.0,4.0,1.0,6.0,5.0,2.0,6.0,5.0,4.0,2.0,3.0,5.0,6.0,4.0,6.0,5.0,3.0,1.0,5.0,2.0,4.0,3.0,5.0,5.0,4.0,1.0,2.0,2.0,4.0,6.0,1.0,3.0,2.0,4.0,4.0,5.0,2.0,3.0,1.0,2.0,5.0,1.0,5.0,3.0,3.0,4.0,5.0,6.0,2.0,5.0
80413888.0,0.09853517904151494,60.48,83.29,1.0,1.0,5.0,3.0,3.0,3.0,4.0,5.0,1.0,1.0,1.0,1.0,4.0,3.0,1.0,4.0,5.0,3.0,2.0,4.0,1.0,3.0,5.0,3.0,1.0,1.0,1.0,1.0,5.0,4.0,5.0,5.0,2.0,2.0,1.0,1.0,2.0,5.0,4.0,2.0,3.0,5.0,4.0,5.0,1.0,5.0,5.0,1.0,1.0,4.0,4.0,3.0,4.0,5.0
81602944.0,0.09999218912726515,62.53,85.19,2.0,4.0,2.0,5.0,6.0,1.0,2.0,6.0,2.0,4.0,1.0,6.0,1.0,3.0,2.0,3.0,3.0,5.0,3.0,1.0,4.0,1.0,3.0,5.0,4.0,5.0,2.0,5.0,5.0,1.0,1.0,4.0,1.0,6.0,2.0,1.0,4.0,4.0,4.0,4.0,5.0,1.0,4.0,5.0,6.0,4.0,5.0,2.0,5.0,1.0,3.0,5.0,6.0,5.0
81175296.0,0.09946817053676066,70.41,90.17,4.0,5.0,6.0,1.0,3.0,4.0,5.0,6.0,3.0,5.0,5.0,5.0,5.0,6.0,6.0,6.0,6.0,5.0,4.0,3.0,2.0,4.0,6.0,3.0,3.0,4.0,1.0,5.0,3.0,3.0,2.0,1.0,5.0,5.0,3.0,1.0,4.0,3.0,5.0,1.0,4.0,5.0,2.0,5.0,4.0,1.0,1.0,2.0,4.0,4.0,1.0,1.0,1.0,4.0
80398720.0,0.09851659292868202,74.72,92.86,2.0,4.0,2.0,3.0,5.0,4.0,4.0,5.0,3.0,3.0,1.0,2.0,4.0,3.0,4.0,4.0,4.0,2.0,5.0,3.0,4.0,2.0,5.0,3.0,3.0,1.0,4.0,3.0,2.0,4.0,5.0,4.0,5.0,5.0,3.0,5.0,3.0,1.0,2.0,1.0,5.0,3.0,2.0,4.0,4.0,2.0,3.0,3.0,3.0,4.0,5.0,1.0,4.0,5.0
81467328.0,0.09982601202560712,70.24,90.81,5.0,6.0,1.0,6.0,1.0,1.0,5.0,5.0,1.0,4.0,6.0,5.0,4.0,5.0,5.0,1.0,5.0,2.0,6.0,6.0,5.0,4.0,6.0,5.0,5.0,5.0,5.0,1.0,1.0,5.0,5.0,1.0,2.0,3.0,2.0,1.0,4.0,3.0,2.0,1.0,4.0,4.0,1.0,1.0,5.0,4.0,3.0,5.0,4.0,3.0,3.0,5.0,3.0,1.0
81097920.0,0.09937335783458767,64.23,86.12,1.0,5.0,1.0,5.0,2.0,4.0,5.0,1.0,3.0,4.0,4.0,5.0,3.0,1.0,1.0,4.0,3.0,4.0,2.0,4.0,3.0,4.0,3.0,3.0,4.0,2.0,4.0,4.0,1.0,4.0,4.0,1.0,3.0,5.0,3.0,1.0,3.0,3.0,2.0,3.0,1.0,3.0,3.0,4.0,3.0,4.0,1.0,4.0,4.0,4.0,5.0,4.0,2.0,3.0
81305152.0,0.09962728962088721,66.72,87.81,3.0,5.0,1.0,1.0,5.0,1.0,4.0,4.0,5.0,4.0,5.0,4.0,3.0,4.0,2.0,2.0,3.0,4.0,2.0,4.0,4.0,3.0,1.0,4.0,1.0,4.0,5.0,1.0,1.0,4.0,3.0,1.0,1.0,3.0,3.0,1.0,4.0,3.0,1.0,4.0,5.0,3.0,5.0,3.0,3.0,1.0,1.0,3.0,4.0,4.0,3.0,5.0,2.0,2.0
81605376.0,0.09999516917911178,71.99,91.15,4.0,4.0,2.0,4.0,5.0,4.0,1.0,4.0,3.0,5.0,2.0,4.0,4.0,2.0,3.0,5.0,4.0,1.0,1.0,3.0,4.0,5.0,5.0,4.0,5.0,2.0,2.0,4.0,2.0,1.0,2.0,2.0,1.0,3.0,5.0,5.0,5.0,5.0,5.0,5.0,1.0,4.0,3.0,4.0,2.0,1.0,3.0,1.0,4.0,4.0,5.0,5.0,5.0,4.0
79863360.0,0.0978605894103387,66.46,87.91,3.0,2.0,5.0,3.0,5.0,1.0,1.0,4.0,1.0,3.0,5.0,3.0,4.0,2.0,5.0,4.0,2.0,4.0,3.0,1.0,5.0,4.0,1.0,1.0,3.0,5.0,3.0,3.0,4.0,2.0,5.0,2.0,3.0,2.0,5.0,2.0,3.0,5.0,5.0,5.0,3.0,5.0,3.0,3.0,5.0,2.0,3.0,2.0,3.0,1.0,3.0,1.0,2.0,1.0
81598400.0,0.09998662113565698,71.06,90.72,5.0,1.0,1.0,4.0,2.0,2.0,2.0,2.0,4.0,3.0,1.0,4.0,5.0,3.0,5.0,5.0,1.0,4.0,2.0,4.0,5.0,3.0,1.0,1.0,4.0,2.0,1.0,1.0,3.0,1.0,4.0,4.0,5.0,5.0,1.0,1.0,5.0,1.0,5.0,5.0,5.0,4.0,1.0,4.0,4.0,3.0,3.0,2.0,2.0,3.0,4.0,4.0,1.0,5.0
81422272.0,0.09977080264402748,62.07,85.35,5.0,6.0,2.0,1.0,2.0,4.0,3.0,2.0,3.0,4.0,6.0,6.0,1.0,2.0,4.0,5.0,1.0,4.0,6.0,3.0,1.0,2.0,6.0,6.0,3.0,3.0,3.0,4.0,3.0,5.0,1.0,5.0,3.0,6.0,1.0,4.0,5.0,1.0,5.0,4.0,1.0,4.0,5.0,1.0,5.0,3.0,4.0,5.0,1.0,1.0,5.0,5.0,3.0,4.0
81049536.0,0.09931407048732317,65.53,87.41,5.0,5.0,5.0,5.0,5.0,4.0,1.0,1.0,4.0,2.0,5.0,1.0,4.0,5.0,2.0,3.0,3.0,1.0,3.0,4.0,5.0,5.0,3.0,5.0,2.0,1.0,1.0,1.0,2.0,3.0,5.0,3.0,5.0,2.0,5.0,5.0,4.0,5.0,3.0,4.0,1.0,4.0,4.0,3.0,2.0,5.0,3.0,2.0,4.0,1.0,4.0,3.0,3.0,4.0
81146624.0,0.09943303729393725,74.8,92.64,4.0,6.0,6.0,2.0,4.0,6.0,6.0,3.0,3.0,3.0,1.0,4.0,6.0,4.0,4.0,2.0,6.0,4.0,3.0,1.0,3.0,5.0,1.0,6.0,6.0,1.0,5.0,4.0,2.0,2.0,3.0,2.0,4.0,3.0,1.0,1.0,4.0,3.0,4.0,5.0,5.0,1.0,5.0,1.0,6.0,1.0,4.0,3.0,4.0,3.0,6.0,3.0,6.0,6.0
80336832.0,0.09844075845142704,73.55,92.58,5.0,5.0,4.0,2.0,3.0,2.0,4.0,5.0,3.0,4.0,4.0,4.0,1.0,5.0,5.0,5.0,1.0,2.0,1.0,5.0,3.0,4.0,3.0,2.0,4.0,4.0,5.0,5.0,1.0,5.0,1.0,3.0,5.0,4.0,3.0,3.0,4.0,4.0,4.0,3.0,1.0,1.0,4.0,5.0,3.0,5.0,5.0,3.0,1.0,2.0,2.0,2.0,1.0,5.0
80062848.0,0.09810503208417926,76.75,93.75,2.0,4.0,1.0,3.0,3.0,5.0,2.0,5.0,5.0,2.0,5.0,4.0,5.0,3.0,4.0,4.0,5.0,3.0,3.0,4.0,4.0,2.0,1.0,2.0,5.0,2.0,3.0,1.0,4.0,5.0,4.0,2.0,5.0,2.0,4.0,3.0,2.0,4.0,5.0,1.0,2.0,1.0,2.0,4.0,3.0,2.0,4.0,5.0,4.0,4.0,3.0,5.0,3.0,3.0
80058304.0,0.09809946409257107,64.73,87.06,5.0,6.0,2.0,5.0,3.0,3.0,1.0,3.0,2.0,6.0,6.0,6.0,6.0,6.0,4.0,5.0,3.0,3.0,1.0,6.0,6.0,5.0,4.0,5.0,5.0,6.0,5.0,2.0,2.0,5.0,5.0,2.0,4.0,6.0,4.0,5.0,4.0,3.0,4.0,3.0,3.0,4.0,1.0,3.0,1.0,4.0,3.0,1.0,4.0,1.0,6.0,6.0,6.0,6.0
81064704.0,0.0993326566001561,70.93,91.02,4.0,4.0,5.0,4.0,5.0,4.0,5.0,5.0,4.0,3.0,1.0,2.0,3.0,4.0,5.0,4.0,2.0,3.0,1.0,4.0,3.0,5.0,4.0,4.0,3.0,3.0,5.0,5.0,5.0,4.0,1.0,5.0,5.0,5.0,3.0,1.0,5.0,5.0,1.0,3.0,1.0,3.0,2.0,3.0,1.0,4.0,3.0,3.0,4.0,3.0,5.0,4.0,3.0,4.0
81597184.0,0.09998513110973367,74.5,92.39,4.0,5.0,5.0,5.0,4.0,4.0,4.0,3.0,3.0,5.0,1.0,4.0,1.0,4.0,4.0,3.0,5.0,5.0,4.0,5.0,2.0,4.0,2.0,5.0,5.0,3.0,1.0,4.0,5.0,1.0,5.0,4.0,5.0,2.0,3.0,3.0,3.0,2.0,4.0,4.0,2.0,4.0,4.0,4.0,4.0,1.0,1.0,1.0,4.0,4.0,5.0,5.0,4.0,5.0
81074112.0,0.09934418469545753,71.33,90.88,5.0,5.0,5.0,4.0,5.0,1.0,5.0,2.0,1.0,4.0,4.0,5.0,2.0,3.0,1.0,4.0,1.0,3.0,5.0,3.0,2.0,1.0,5.0,3.0,3.0,3.0,3.0,4.0,3.0,3.0,5.0,5.0,4.0,5.0,2.0,3.0,1.0,3.0,5.0,3.0,3.0,3.0,4.0,4.0,2.0,3.0,4.0,4.0,3.0,1.0,3.0,3.0,3.0,4.0
80316352.0,0.09841566327798175,76.62,93.78,5.0,5.0,4.0,2.0,1.0,1.0,1.0,4.0,5.0,5.0,4.0,4.0,2.0,4.0,1.0,5.0,1.0,4.0,5.0,3.0,3.0,4.0,3.0,3.0,5.0,4.0,4.0,5.0,3.0,4.0,4.0,3.0,4.0,2.0,5.0,3.0,1.0,4.0,5.0,4.0,4.0,1.0,2.0,2.0,5.0,1.0,4.0,4.0,4.0,3.0,4.0,5.0,5.0,5.0
80624000.0,0.09879263983658024,70.66,90.69,2.0,3.0,4.0,4.0,3.0,5.0,2.0,5.0,3.0,2.0,4.0,2.0,3.0,1.0,4.0,1.0,4.0,2.0,4.0,2.0,3.0,4.0,3.0,3.0,1.0,4.0,5.0,2.0,1.0,1.0,2.0,4.0,1.0,1.0,4.0,2.0,1.0,2.0,5.0,5.0,1.0,3.0,2.0,4.0,4.0,2.0,5.0,4.0,4.0,2.0,4.0,3.0,5.0,5.0
81062272.0,0.09932967654830946,71.45,90.98,2.0,3.0,4.0,2.0,4.0,4.0,5.0,4.0,4.0,2.0,3.0,5.0,5.0,2.0,5.0,1.0,3.0,2.0,2.0,3.0,1.0,5.0,5.0,5.0,5.0,3.0,3.0,2.0,4.0,1.0,2.0,4.0,5.0,5.0,1.0,5.0,5.0,4.0,5.0,4.0,1.0,1.0,5.0,5.0,2.0,5.0,1.0,3.0,1.0,3.0,5.0,5.0,2.0,1.0
80897984.0,0.09912836620382802,69.94,90.34,5.0,2.0,4.0,1.0,5.0,5.0,5.0,4.0,4.0,3.0,1.0,1.0,5.0,4.0,1.0,1.0,5.0,2.0,3.0,5.0,4.0,3.0,4.0,5.0,5.0,4.0,4.0,5.0,3.0,2.0,4.0,5.0,4.0,5.0,4.0,5.0,2.0,4.0,4.0,4.0,4.0,4.0,4.0,2.0,2.0,4.0,2.0,2.0,3.0,1.0,1.0,4.0,5.0,5.0
79531584.0,0.09745404760052499,69.39,89.67,3.0,2.0,5.0,5.0,4.0,3.0,3.0,5.0,4.0,4.0,5.0,3.0,4.0,5.0,4.0,4.0,3.0,5.0,2.0,4.0,1.0,2.0,5.0,4.0,4.0,1.0,5.0,2.0,3.0,5.0,2.0,5.0,1.0,5.0,4.0,1.0,3.0,1.0,1.0,3.0,4.0,4.0,4.0,4.0,1.0,2.0,1.0,3.0,1.0,4.0,5.0,4.0,5.0,4.0
81312896.0,0.09963677873334621,68.71,89.71,6.0,4.0,6.0,4.0,4.0,5.0,6.0,3.0,3.0,6.0,4.0,2.0,4.0,4.0,4.0,3.0,2.0,3.0,4.0,2.0,6.0,3.0,6.0,6.0,1.0,5.0,3.0,4.0,2.0,6.0,6.0,3.0,6.0,1.0,5.0,3.0,3.0,5.0,5.0,4.0,2.0,5.0,1.0,2.0,2.0,4.0,2.0,1.0,4.0,1.0,6.0,2.0,5.0,5.0
81514048.0,0.09988326039002919,74.74,93.25,3.0,4.0,5.0,6.0,5.0,6.0,6.0,4.0,4.0,6.0,4.0,6.0,3.0,5.0,3.0,6.0,5.0,6.0,4.0,5.0,2.0,5.0,6.0,2.0,2.0,3.0,3.0,2.0,3.0,5.0,4.0,2.0,5.0,6.0,2.0,4.0,3.0,5.0,5.0,4.0,2.0,3.0,4.0,3.0,5.0,2.0,4.0,2.0,5.0,1.0,6.0,6.0,5.0,6.0
79779776.0,0.09775816973371511,70.35,90.47,5.0,4.0,5.0,3.0,5.0,4.0,5.0,5.0,2.0,5.0,4.0,2.0,5.0,5.0,1.0,5.0,4.0,1.0,5.0,1.0,2.0,4.0,5.0,1.0,5.0,1.0,5.0,4.0,3.0,3.0,4.0,3.0,5.0,3.0,5.0,2.0,5.0,2.0,4.0,2.0,5.0,3.0,2.0,3.0,4.0,4.0,3.0,4.0,3.0,1.0,5.0,3.0,5.0,5.0
81038912.0,0.09930105236609843,75.35,93.28,3.0,5.0,2.0,4.0,1.0,4.0,5.0,4.0,5.0,4.0,2.0,5.0,5.0,3.0,5.0,3.0,4.0,4.0,5.0,5.0,3.0,5.0,4.0,5.0,3.0,4.0,1.0,5.0,4.0,4.0,5.0,3.0,4.0,3.0,2.0,4.0,4.0,2.0,1.0,2.0,3.0,4.0,3.0,3.0,3.0,3.0,4.0,4.0,1.0,2.0,5.0,4.0,5.0,4.0
80671936.0,0.09885137822692562,64.07,86.51,1.0,3.0,4.0,5.0,5.0,5.0,4.0,5.0,5.0,5.0,5.0,1.0,3.0,3.0,4.0,5.0,3.0,4.0,1.0,4.0,3.0,2.0,5.0,5.0,4.0,4.0,4.0,1.0,3.0,3.0,5.0,5.0,2.0,5.0,4.0,2.0,4.0,3.0,5.0,3.0,4.0,3.0,3.0,1.0,5.0,5.0,3.0,3.0,4.0,3.0,1.0,4.0,5.0,5.0
80070592.0,0.09811452119663826,74.04,92.54,5.0,2.0,5.0,5.0,4.0,3.0,2.0,2.0,5.0,2.0,1.0,2.0,2.0,2.0,1.0,5.0,1.0,4.0,3.0,5.0,5.0,5.0,1.0,5.0,1.0,4.0,5.0,4.0,4.0,2.0,3.0,1.0,5.0,5.0,4.0,5.0,4.0,4.0,3.0,2.0,1.0,4.0,4.0,1.0,3.0,4.0,4.0,3.0,4.0,3.0,2.0,4.0,3.0,1.0
81339136.0,0.099668931924323,75.91,93.09,4.0,5.0,5.0,3.0,3.0,3.0,3.0,2.0,5.0,3.0,4.0,3.0,5.0,5.0,4.0,4.0,5.0,1.0,2.0,3.0,2.0,1.0,5.0,5.0,2.0,3.0,4.0,3.0,4.0,3.0,4.0,5.0,3.0,5.0,1.0,1.0,3.0,1.0,5.0,4.0,1.0,5.0,3.0,2.0,3.0,2.0,3.0,4.0,1.0,4.0,4.0,4.0,3.0,3.0
81382976.0,0.09972265127997933,72.27,91.52,3.0,3.0,4.0,4.0,5.0,5.0,5.0,4.0,5.0,5.0,5.0,5.0,5.0,2.0,2.0,1.0,5.0,2.0,4.0,2.0,3.0,5.0,2.0,4.0,5.0,2.0,5.0,5.0,5.0,3.0,1.0,5.0,4.0,3.0,5.0,3.0,4.0,2.0,1.0,4.0,2.0,4.0,3.0,2.0,4.0,2.0,1.0,4.0,4.0,2.0,5.0,4.0,1.0,5.0
81508736.0,0.09987675132941681,74.15,92.52,2.0,3.0,5.0,5.0,5.0,3.0,5.0,4.0,3.0,1.0,4.0,3.0,4.0,3.0,5.0,3.0,4.0,1.0,5.0,3.0,4.0,4.0,4.0,4.0,5.0,3.0,4.0,3.0,3.0,1.0,5.0,2.0,5.0,5.0,2.0,1.0,1.0,5.0,4.0,4.0,3.0,5.0,4.0,2.0,5.0,2.0,2.0,3.0,1.0,3.0,3.0,5.0,3.0,5.0
81291200.0,0.09961019353397761,73.05,92.18,5.0,5.0,4.0,4.0,6.0,3.0,4.0,6.0,3.0,3.0,6.0,4.0,4.0,5.0,5.0,4.0,4.0,6.0,1.0,2.0,4.0,6.0,5.0,3.0,6.0,5.0,3.0,2.0,3.0,6.0,4.0,4.0,4.0,5.0,5.0,3.0,4.0,4.0,3.0,3.0,1.0,2.0,3.0,5.0,5.0,3.0,5.0,2.0,4.0,1.0,1.0,5.0,5.0,6.0
80686656.0,0.09886941538283942,74.84,92.89,3.0,5.0,5.0,2.0,3.0,2.0,4.0,5.0,5.0,3.0,5.0,4.0,1.0,5.0,4.0,1.0,5.0,5.0,6.0,5.0,3.0,6.0,6.0,5.0,6.0,3.0,6.0,6.0,5.0,5.0,3.0,6.0,5.0,3.0,6.0,4.0,4.0,6.0,6.0,5.0,2.0,1.0,2.0,1.0,2.0,5.0,2.0,1.0,1.0,3.0,5.0,5.0,4.0,6.0
80989760.0,0.09924082394982973,67.16,88.74,3.0,5.0,5.0,3.0,5.0,4.0,5.0,1.0,4.0,5.0,3.0,1.0,4.0,4.0,1.0,5.0,5.0,4.0,2.0,5.0,5.0,4.0,3.0,3.0,1.0,5.0,1.0,3.0,4.0,4.0,2.0,5.0,1.0,5.0,4.0,4.0,2.0,4.0,5.0,5.0,1.0,4.0,5.0,5.0,2.0,1.0,1.0,1.0,4.0,2.0,1.0,5.0,4.0,5.0
80681344.0,0.09886290632222705,72.47,91.85,2.0,5.0,2.0,5.0,4.0,1.0,3.0,5.0,3.0,5.0,4.0,5.0,4.0,5.0,5.0,4.0,4.0,4.0,3.0,5.0,5.0,1.0,2.0,4.0,4.0,1.0,4.0,1.0,5.0,3.0,1.0,4.0,3.0,3.0,4.0,2.0,4.0,4.0,3.0,5.0,4.0,4.0,1.0,1.0,4.0,1.0,2.0,4.0,3.0,3.0,4.0,5.0,5.0,5.0
80712448.0,0.09890101961689708,76.8,93.63,4.0,5.0,3.0,1.0,1.0,2.0,2.0,4.0,3.0,1.0,2.0,1.0,3.0,5.0,4.0,4.0,4.0,3.0,2.0,5.0,5.0,3.0,3.0,3.0,1.0,4.0,5.0,3.0,3.0,5.0,2.0,3.0,4.0,5.0,5.0,3.0,5.0,3.0,2.0,3.0,5.0,4.0,4.0,3.0,4.0,2.0,3.0,2.0,3.0,2.0,5.0,3.0,2.0,1.0
80767360.0,0.09896830605069727,77.41,94.12,2.0,1.0,4.0,2.0,4.0,3.0,4.0,4.0,1.0,5.0,4.0,1.0,5.0,5.0,3.0,3.0,5.0,4.0,4.0,4.0,5.0,3.0,4.0,4.0,4.0,5.0,5.0,4.0,2.0,4.0,3.0,5.0,3.0,3.0,2.0,2.0,4.0,5.0,4.0,3.0,4.0,4.0,3.0,2.0,3.0,2.0,3.0,3.0,2.0,2.0,3.0,4.0,4.0,4.0
81356736.0,0.09969049808900254,76.57,93.61,5.0,5.0,2.0,4.0,4.0,3.0,5.0,3.0,4.0,2.0,3.0,5.0,5.0,3.0,2.0,5.0,1.0,5.0,5.0,1.0,4.0,1.0,1.0,4.0,2.0,3.0,2.0,3.0,2.0,5.0,1.0,3.0,5.0,2.0,2.0,4.0,3.0,5.0,4.0,4.0,5.0,5.0,5.0,1.0,5.0,1.0,4.0,2.0,1.0,3.0,4.0,4.0,4.0,5.0
81471424.0,0.09983103106029617,73.61,92.42,5.0,2.0,5.0,5.0,4.0,2.0,2.0,5.0,4.0,3.0,3.0,5.0,3.0,5.0,2.0,5.0,2.0,3.0,4.0,2.0,4.0,1.0,4.0,3.0,4.0,2.0,5.0,5.0,4.0,5.0,4.0,5.0,5.0,2.0,4.0,3.0,4.0,2.0,2.0,4.0,4.0,4.0,4.0,2.0,3.0,4.0,2.0,2.0,4.0,1.0,3.0,4.0,3.0,3.0
80990976.0,0.09924231397575305,79.36,94.81,4.0,5.0,3.0,1.0,3.0,3.0,4.0,5.0,3.0,5.0,4.0,2.0,5.0,4.0,5.0,3.0,5.0,4.0,5.0,3.0,5.0,5.0,4.0,4.0,5.0,5.0,2.0,2.0,3.0,5.0,4.0,3.0,5.0,3.0,5.0,2.0,4.0,5.0,3.0,3.0,5.0,1.0,4.0,4.0,4.0,2.0,4.0,1.0,2.0,3.0,4.0,5.0,5.0,3.0
81494784.0,0.09985965524250721,66.06,88.31,4.0,3.0,4.0,2.0,5.0,4.0,4.0,4.0,3.0,2.0,4.0,3.0,3.0,3.0,1.0,1.0,5.0,1.0,5.0,5.0,4.0,5.0,5.0,3.0,3.0,5.0,3.0,4.0,5.0,5.0,5.0,1.0,4.0,1.0,4.0,4.0,3.0,4.0,4.0,4.0,1.0,3.0,1.0,4.0,2.0,3.0,1.0,4.0,4.0,1.0,4.0,4.0,5.0,3.0
81572608.0,0.09995501690159932,73.91,92.18,4.0,5.0,2.0,2.0,5.0,5.0,3.0,1.0,2.0,5.0,4.0,2.0,4.0,5.0,5.0,5.0,5.0,4.0,4.0,5.0,5.0,1.0,2.0,2.0,5.0,4.0,4.0,4.0,4.0,2.0,1.0,1.0,1.0,3.0,3.0,4.0,4.0,3.0,1.0,4.0,4.0,4.0,3.0,4.0,5.0,3.0,3.0,3.0,1.0,2.0,4.0,5.0,4.0,1.0
81367808.0,0.0997040651671464,77.74,94.46,4.0,4.0,1.0,3.0,5.0,4.0,5.0,3.0,3.0,2.0,3.0,4.0,4.0,4.0,4.0,5.0,5.0,1.0,5.0,5.0,3.0,5.0,5.0,3.0,1.0,5.0,5.0,3.0,5.0,4.0,4.0,2.0,5.0,5.0,5.0,4.0,3.0,3.0,4.0,3.0,4.0,3.0,4.0,3.0,3.0,1.0,3.0,2.0,4.0,2.0,4.0,3.0,5.0,5.0
81498880.0,0.09986467427719627,78.36,94.42,4.0,4.0,2.0,4.0,4.0,5.0,3.0,4.0,5.0,4.0,2.0,6.0,5.0,6.0,6.0,5.0,4.0,4.0,4.0,5.0,5.0,5.0,6.0,4.0,5.0,2.0,2.0,4.0,1.0,2.0,1.0,4.0,5.0,3.0,3.0,5.0,5.0,2.0,1.0,4.0,2.0,3.0,5.0,1.0,5.0,5.0,2.0,2.0,3.0,4.0,5.0,4.0,3.0,6.0
80757952.0,0.09895677795539584,54.82,79.7,1.0,2.0,1.0,2.0,3.0,3.0,4.0,2.0,2.0,3.0,3.0,3.0,3.0,4.0,2.0,4.0,3.0,1.0,4.0,4.0,4.0,3.0,4.0,4.0,3.0,4.0,4.0,4.0,2.0,4.0,4.0,1.0,4.0,2.0,4.0,1.0,3.0,3.0,4.0,4.0,2.0,3.0,4.0,4.0,3.0,1.0,4.0,3.0,4.0,1.0,3.0,1.0,3.0,3.0
81587776.0,0.09997360301443223,78.23,94.89,3.0,5.0,3.0,4.0,2.0,5.0,5.0,3.0,5.0,5.0,5.0,4.0,4.0,5.0,3.0,4.0,3.0,3.0,5.0,5.0,4.0,5.0,3.0,3.0,4.0,5.0,4.0,3.0,4.0,5.0,1.0,5.0,4.0,2.0,2.0,3.0,5.0,3.0,5.0,1.0,3.0,2.0,2.0,3.0,5.0,4.0,2.0,4.0,4.0,3.0,4.0,4.0,1.0,5.0
81059392.0,0.09932614753954372,80.12,95.21,3.0,2.0,3.0,4.0,2.0,5.0,5.0,5.0,5.0,4.0,3.0,4.0,4.0,5.0,4.0,5.0,5.0,4.0,3.0,3.0,5.0,4.0,5.0,3.0,2.0,4.0,3.0,4.0,3.0,5.0,3.0,5.0,4.0,5.0,4.0,5.0,2.0,2.0,5.0,5.0,2.0,1.0,3.0,3.0,3.0,4.0,4.0,1.0,2.0,4.0,5.0,4.0,4.0,4.0
79646272.0,0.09759458057181862,81.73,95.93,3.0,4.0,4.0,2.0,4.0,4.0,4.0,3.0,4.0,3.0,3.0,3.0,4.0,2.0,2.0,3.0,3.0,4.0,4.0,4.0,3.0,3.0,3.0,3.0,3.0,3.0,4.0,4.0,4.0,4.0,2.0,3.0,3.0,4.0,2.0,3.0,4.0,4.0,4.0,3.0,3.0,3.0,3.0,3.0,4.0,2.0,3.0,3.0,3.0,3.0,4.0,4.0,4.0,4.0
80304512.0,0.09840115513083368,79.69,95.07,2.0,2.0,4.0,3.0,4.0,3.0,4.0,4.0,4.0,3.0,3.0,4.0,4.0,4.0,4.0,2.0,4.0,4.0,4.0,2.0,2.0,3.0,3.0,2.0,4.0,3.0,4.0,1.0,4.0,4.0,4.0,2.0,3.0,3.0,4.0,2.0,3.0,3.0,4.0,4.0,4.0,3.0,3.0,2.0,3.0,3.0,4.0,3.0,3.0,3.0,2.0,4.0,1.0,3.0
81298176.0,0.09961874157743242,68.75,90.22,4.0,5.0,5.0,5.0,2.0,4.0,5.0,5.0,5.0,5.0,5.0,5.0,4.0,4.0,5.0,3.0,5.0,5.0,4.0,3.0,4.0,5.0,5.0,3.0,5.0,5.0,4.0,4.0,3.0,3.0,2.0,4.0,4.0,1.0,1.0,5.0,5.0,5.0,1.0,5.0,4.0,4.0,3.0,1.0,5.0,4.0,2.0,3.0,2.0,1.0,5.0,4.0,5.0,5.0
81504640.0,0.09987173229472776,75.88,93.46,2.0,5.0,4.0,2.0,4.0,3.0,2.0,4.0,5.0,5.0,3.0,5.0,3.0,3.0,1.0,5.0,5.0,5.0,5.0,5.0,5.0,3.0,5.0,5.0,2.0,3.0,5.0,5.0,5.0,3.0,4.0,5.0,5.0,4.0,2.0,5.0,3.0,3.0,1.0,4.0,4.0,3.0,1.0,2.0,5.0,3.0,3.0,2.0,3.0,3.0,5.0,3.0,5.0,4.0
81421504.0,0.09976986157502328,65.97,87.07,1.0,3.0,3.0,2.0,2.0,5.0,4.0,4.0,5.0,5.0,5.0,4.0,5.0,3.0,4.0,4.0,3.0,5.0,5.0,5.0,3.0,4.0,2.0,4.0,4.0,4.0,5.0,4.0,5.0,2.0,5.0,2.0,3.0,4.0,4.0,3.0,4.0,2.0,3.0,2.0,3.0,4.0,4.0,3.0,3.0,4.0,4.0,1.0,1.0,4.0,5.0,3.0,2.0,5.0
81314560.0,0.09963881771618864,73.29,92.19,4.0,3.0,1.0,5.0,4.0,5.0,4.0,2.0,4.0,4.0,4.0,2.0,4.0,1.0,5.0,4.0,2.0,3.0,5.0,4.0,5.0,3.0,1.0,3.0,4.0,2.0,4.0,4.0,5.0,2.0,5.0,1.0,1.0,3.0,3.0,4.0,4.0,4.0,4.0,4.0,5.0,2.0,5.0,3.0,4.0,3.0,4.0,2.0,4.0,1.0,4.0,5.0,4.0,5.0
81568512.0,0.09994999786691025,80.7,95.31,4.0,4.0,4.0,5.0,2.0,4.0,4.0,3.0,5.0,5.0,5.0,5.0,4.0,5.0,5.0,4.0,5.0,4.0,3.0,5.0,4.0,3.0,3.0,4.0,5.0,5.0,4.0,2.0,5.0,3.0,3.0,2.0,4.0,4.0,3.0,3.0,4.0,2.0,2.0,2.0,4.0,2.0,3.0,2.0,2.0,4.0,4.0,4.0,2.0,4.0,5.0,5.0,5.0,3.0
81569728.0,0.09995148789283358,79.45,94.84,5.0,5.0,3.0,5.0,2.0,2.0,5.0,5.0,4.0,3.0,4.0,4.0,4.0,3.0,4.0,1.0,3.0,3.0,4.0,2.0,2.0,1.0,2.0,4.0,2.0,4.0,4.0,2.0,4.0,2.0,2.0,4.0,2.0,2.0,4.0,4.0,1.0,3.0,4.0,4.0,2.0,4.0,2.0,3.0,3.0,4.0,3.0,3.0,3.0,4.0,2.0,4.0,2.0,5.0
80065280.0,0.09810801213602588,81.78,96.11,4.0,4.0,4.0,5.0,3.0,4.0,5.0,4.0,5.0,4.0,5.0,5.0,5.0,4.0,4.0,5.0,5.0,5.0,3.0,4.0,3.0,3.0,4.0,5.0,4.0,5.0,4.0,5.0,4.0,4.0,5.0,4.0,4.0,5.0,4.0,3.0,4.0,2.0,3.0,1.0,3.0,3.0,3.0,2.0,4.0,3.0,4.0,3.0,4.0,3.0,4.0,5.0,5.0,5.0
80533440.0,0.09868167211650183,76.75,93.52,5.0,4.0,4.0,4.0,1.0,5.0,4.0,5.0,4.0,4.0,4.0,5.0,5.0,5.0,5.0,5.0,1.0,1.0,3.0,3.0,2.0,1.0,4.0,5.0,5.0,5.0,1.0,2.0,2.0,3.0,4.0,3.0,5.0,4.0,1.0,5.0,5.0,5.0,4.0,4.0,3.0,4.0,3.0,2.0,5.0,3.0,3.0,2.0,1.0,4.0,5.0,5.0,4.0,5.0
81598400.0,0.09998662113565698,70.91,91.12,5.0,4.0,3.0,4.0,5.0,4.0,4.0,5.0,5.0,5.0,5.0,2.0,4.0,5.0,5.0,5.0,5.0,4.0,5.0,4.0,4.0,5.0,4.0,4.0,4.0,4.0,4.0,4.0,3.0,5.0,4.0,5.0,3.0,2.0,4.0,4.0,5.0,5.0,3.0,5.0,1.0,3.0,2.0,3.0,2.0,4.0,2.0,2.0,2.0,1.0,5.0,4.0,5.0,5.0
81605376.0,0.09999516917911178,72.03,91.88,4.0,5.0,5.0,4.0,3.0,5.0,2.0,2.0,4.0,5.0,3.0,5.0,4.0,3.0,4.0,5.0,5.0,3.0,5.0,3.0,3.0,3.0,5.0,2.0,4.0,4.0,4.0,3.0,4.0,4.0,4.0,4.0,4.0,5.0,2.0,2.0,2.0,3.0,3.0,2.0,4.0,4.0,1.0,4.0,4.0,4.0,3.0,4.0,4.0,1.0,4.0,3.0,2.0,3.0
81416960.0,0.0997642935834151,81.09,95.77,4.0,5.0,5.0,5.0,2.0,5.0,5.0,4.0,3.0,4.0,5.0,5.0,5.0,4.0,5.0,1.0,5.0,3.0,5.0,3.0,4.0,5.0,5.0,3.0,5.0,4.0,3.0,4.0,5.0,1.0,5.0,5.0,4.0,2.0,4.0,5.0,2.0,2.0,2.0,4.0,5.0,2.0,2.0,3.0,4.0,4.0,4.0,2.0,2.0,3.0,4.0,5.0,5.0,4.0
80748096.0,0.0989447009031753,80.92,95.58,3.0,1.0,4.0,4.0,3.0,4.0,5.0,3.0,3.0,4.0,2.0,5.0,3.0,4.0,5.0,4.0,2.0,4.0,4.0,5.0,4.0,5.0,5.0,5.0,5.0,5.0,5.0,5.0,3.0,5.0,2.0,2.0,1.0,4.0,4.0,5.0,5.0,3.0,4.0,3.0,5.0,1.0,5.0,2.0,3.0,4.0,4.0,2.0,1.0,3.0,3.0,4.0,5.0,4.0
81366592.0,0.09970257514122309,73.17,92.21,3.0,5.0,5.0,4.0,5.0,4.0,3.0,5.0,5.0,4.0,4.0,4.0,5.0,5.0,4.0,4.0,4.0,3.0,4.0,4.0,5.0,4.0,5.0,5.0,5.0,5.0,4.0,4.0,4.0,4.0,2.0,5.0,2.0,4.0,4.0,5.0,5.0,4.0,5.0,4.0,1.0,4.0,1.0,2.0,5.0,2.0,3.0,3.0,4.0,1.0,5.0,4.0,5.0,4.0
81460800.0,0.09981801293907143,79.67,95.2,3.0,3.0,5.0,5.0,5.0,4.0,5.0,5.0,4.0,5.0,3.0,5.0,5.0,5.0,3.0,5.0,4.0,4.0,1.0,5.0,5.0,4.0,4.0,4.0,3.0,4.0,2.0,3.0,5.0,5.0,2.0,3.0,4.0,4.0,4.0,3.0,4.0,4.0,3.0,4.0,3.0,4.0,1.0,1.0,2.0,3.0,3.0,3.0,4.0,3.0,2.0,5.0,4.0,5.0
81527552.0,0.09989980752001967,77.74,94.27,4.0,4.0,5.0,5.0,5.0,5.0,3.0,4.0,5.0,5.0,5.0,3.0,4.0,5.0,2.0,5.0,2.0,4.0,1.0,4.0,1.0,4.0,1.0,4.0,1.0,4.0,3.0,2.0,3.0,4.0,4.0,3.0,4.0,4.0,3.0,2.0,4.0,4.0,4.0,3.0,4.0,3.0,4.0,3.0,2.0,2.0,4.0,4.0,3.0,2.0,3.0,3.0,2.0,4.0
81519360.0,0.09988976945064156,78.37,94.54,4.0,5.0,3.0,5.0,4.0,4.0,5.0,4.0,4.0,4.0,3.0,5.0,3.0,4.0,5.0,4.0,5.0,4.0,1.0,2.0,4.0,3.0,2.0,5.0,5.0,4.0,5.0,5.0,5.0,5.0,5.0,4.0,2.0,5.0,5.0,2.0,4.0,3.0,4.0,1.0,3.0,3.0,4.0,3.0,3.0,4.0,1.0,3.0,3.0,4.0,4.0,5.0,4.0,5.0
81523456.0,0.09989478848533062,79.22,95.25,4.0,3.0,3.0,2.0,4.0,4.0,1.0,2.0,2.0,4.0,4.0,4.0,4.0,4.0,3.0,3.0,1.0,4.0,2.0,3.0,3.0,3.0,4.0,4.0,4.0,4.0,4.0,4.0,4.0,4.0,3.0,4.0,3.0,3.0,3.0,4.0,3.0,4.0,4.0,4.0,3.0,4.0,4.0,4.0,3.0,3.0,2.0,2.0,2.0,2.0,4.0,3.0,2.0,4.0
81501760.0,0.099868203285962,79.65,94.75,3.0,4.0,5.0,5.0,3.0,5.0,3.0,5.0,3.0,5.0,3.0,5.0,1.0,3.0,5.0,3.0,4.0,3.0,5.0,4.0,5.0,5.0,5.0,2.0,3.0,4.0,4.0,2.0,4.0,3.0,4.0,3.0,4.0,4.0,2.0,3.0,3.0,1.0,2.0,4.0,4.0,4.0,4.0,2.0,3.0,2.0,3.0,1.0,4.0,4.0,4.0,5.0,5.0,3.0
81332160.0,0.09966038388086819,81.09,95.92,5.0,3.0,4.0,5.0,5.0,5.0,4.0,5.0,5.0,4.0,4.0,5.0,5.0,2.0,4.0,5.0,5.0,5.0,5.0,4.0,5.0,4.0,4.0,5.0,5.0,4.0,3.0,3.0,2.0,5.0,5.0,4.0,4.0,4.0,3.0,3.0,4.0,3.0,4.0,2.0,2.0,4.0,4.0,4.0,5.0,1.0,3.0,1.0,2.0,3.0,5.0,5.0,5.0,5.0
79466048.0,0.09737374304550006,77.78,94.03,3.0,3.0,4.0,4.0,2.0,2.0,3.0,2.0,3.0,4.0,3.0,2.0,3.0,3.0,4.0,3.0,2.0,2.0,2.0,4.0,3.0,2.0,2.0,4.0,4.0,4.0,2.0,4.0,3.0,4.0,3.0,3.0,3.0,3.0,4.0,3.0,1.0,3.0,1.0,4.0,2.0,4.0,4.0,3.0,4.0,3.0,3.0,3.0,3.0,3.0,4.0,3.0,2.0,3.0
81602944.0,0.09999218912726515,80.0,95.16,2.0,4.0,5.0,3.0,5.0,5.0,4.0,4.0,4.0,5.0,4.0,2.0,5.0,3.0,4.0,5.0,5.0,5.0,3.0,5.0,3.0,4.0,4.0,3.0,4.0,3.0,4.0,2.0,4.0,3.0,2.0,4.0,1.0,4.0,4.0,3.0,4.0,4.0,4.0,4.0,2.0,4.0,2.0,1.0,4.0,4.0,3.0,3.0,3.0,4.0,5.0,4.0,5.0,4.0
81597184.0,0.09998513110973367,81.66,96.21,4.0,4.0,4.0,5.0,4.0,3.0,4.0,4.0,5.0,3.0,2.0,4.0,3.0,3.0,4.0,4.0,4.0,3.0,2.0,4.0,4.0,4.0,5.0,3.0,2.0,2.0,3.0,4.0,3.0,3.0,2.0,4.0,4.0,4.0,4.0,2.0,2.0,4.0,3.0,4.0,4.0,4.0,3.0,4.0,4.0,3.0,3.0,2.0,3.0,2.0,5.0,3.0,4.0,5.0
81330944.0,0.09965889385494488,73.25,92.38,4.0,5.0,5.0,4.0,5.0,4.0,3.0,4.0,3.0,5.0,5.0,4.0,4.0,4.0,5.0,4.0,5.0,5.0,5.0,5.0,5.0,4.0,5.0,3.0,5.0,5.0,5.0,5.0,4.0,4.0,4.0,2.0,3.0,5.0,2.0,3.0,4.0,2.0,3.0,4.0,3.0,3.0,1.0,4.0,5.0,4.0,2.0,2.0,3.0,1.0,4.0,5.0,3.0,4.0
81452608.0,0.09980797486969331,78.88,94.91,3.0,5.0,5.0,4.0,5.0,4.0,4.0,4.0,4.0,4.0,5.0,4.0,3.0,5.0,5.0,4.0,5.0,5.0,5.0,5.0,4.0,5.0,4.0,5.0,2.0,3.0,4.0,4.0,4.0,4.0,2.0,3.0,3.0,5.0,4.0,3.0,2.0,4.0,2.0,4.0,4.0,4.0,4.0,2.0,3.0,2.0,4.0,1.0,4.0,2.0,5.0,2.0,4.0,4.0
80583040.0,0.09874244948968965,74.51,92.77,2.0,2.0,3.0,3.0,2.0,3.0,3.0,1.0,4.0,3.0,4.0,4.0,4.0,4.0,4.0,1.0,4.0,1.0,4.0,3.0,4.0,4.0,3.0,4.0,2.0,1.0,4.0,4.0,4.0,3.0,4.0,3.0,2.0,4.0,4.0,4.0,3.0,4.0,3.0,4.0,4.0,3.0,2.0,3.0,3.0,3.0,1.0,4.0,2.0,3.0,4.0,4.0,3.0,3.0
81453824.0,0.09980946489561662,75.27,93.67,4.0,5.0,4.0,5.0,5.0,5.0,5.0,4.0,3.0,4.0,5.0,4.0,2.0,5.0,4.0,5.0,4.0,3.0,5.0,5.0,5.0,5.0,4.0,5.0,4.0,5.0,5.0,5.0,5.0,5.0,2.0,3.0,5.0,5.0,4.0,4.0,4.0,4.0,4.0,4.0,4.0,2.0,3.0,3.0,5.0,1.0,2.0,2.0,3.0,1.0,5.0,4.0,5.0,5.0
81549696.0,0.09992694167630739,79.16,94.77,2.0,4.0,5.0,3.0,5.0,4.0,4.0,3.0,5.0,4.0,5.0,5.0,5.0,3.0,3.0,3.0,4.0,5.0,5.0,5.0,4.0,5.0,4.0,4.0,1.0,3.0,4.0,3.0,4.0,4.0,4.0,3.0,4.0,5.0,4.0,4.0,2.0,3.0,3.0,2.0,3.0,4.0,3.0,2.0,5.0,4.0,2.0,2.0,4.0,4.0,5.0,4.0,4.0,4.0
79539776.0,0.09746408566990311,74.29,92.54,3.0,3.0,4.0,4.0,4.0,2.0,4.0,2.0,4.0,3.0,4.0,3.0,4.0,3.0,3.0,3.0,4.0,4.0,4.0,4.0,4.0,4.0,3.0,4.0,4.0,4.0,3.0,4.0,4.0,4.0,3.0,3.0,4.0,4.0,4.0,3.0,4.0,3.0,3.0,4.0,4.0,4.0,4.0,3.0,4.0,2.0,2.0,2.0,2.0,1.0,4.0,3.0,2.0,2.0
81414528.0,0.09976131353156847,78.26,94.39,2.0,5.0,5.0,4.0,5.0,5.0,3.0,5.0,3.0,4.0,5.0,5.0,5.0,5.0,5.0,4.0,4.0,3.0,4.0,4.0,4.0,5.0,5.0,2.0,3.0,4.0,4.0,3.0,2.0,3.0,1.0,1.0,1.0,4.0,4.0,4.0,2.0,4.0,3.0,2.0,1.0,4.0,4.0,4.0,4.0,4.0,4.0,3.0,3.0,3.0,4.0,5.0,5.0,3.0
80191040.0,0.09826211218546337,79.75,95.32,3.0,4.0,3.0,1.0,2.0,3.0,3.0,4.0,3.0,3.0,1.0,4.0,2.0,4.0,4.0,4.0,4.0,4.0,3.0,4.0,4.0,2.0,3.0,4.0,3.0,4.0,4.0,4.0,2.0,2.0,4.0,4.0,2.0,4.0,3.0,3.0,4.0,3.0,3.0,4.0,4.0,2.0,2.0,4.0,4.0,4.0,2.0,3.0,4.0,2.0,2.0,4.0,4.0,3.0
79897344.0,0.09790223171377449,81.26,95.82,4.0,1.0,4.0,1.0,4.0,4.0,3.0,4.0,1.0,4.0,3.0,4.0,4.0,4.0,4.0,3.0,4.0,4.0,3.0,4.0,3.0,3.0,4.0,3.0,4.0,4.0,4.0,4.0,4.0,2.0,3.0,4.0,2.0,2.0,2.0,4.0,4.0,4.0,3.0,3.0,3.0,2.0,4.0,3.0,3.0,4.0,4.0,3.0,3.0,3.0,4.0,4.0,4.0,3.0
81176512.0,0.09946966056268398,78.46,94.36,5.0,4.0,5.0,2.0,1.0,5.0,5.0,4.0,5.0,3.0,3.0,5.0,4.0,5.0,5.0,3.0,5.0,5.0,4.0,5.0,5.0,4.0,5.0,4.0,4.0,5.0,1.0,3.0,2.0,4.0,3.0,2.0,2.0,1.0,4.0,3.0,4.0,3.0,4.0,3.0,2.0,4.0,4.0,1.0,4.0,3.0,1.0,4.0,3.0,4.0,5.0,5.0,3.0,4.0
80869760.0,0.09909378191792373,72.19,91.53,2.0,4.0,3.0,3.0,3.0,1.0,4.0,4.0,4.0,4.0,4.0,3.0,4.0,4.0,4.0,3.0,2.0,3.0,3.0,4.0,4.0,4.0,4.0,3.0,2.0,3.0,4.0,1.0,4.0,4.0,3.0,3.0,4.0,4.0,4.0,4.0,2.0,2.0,3.0,4.0,4.0,4.0,3.0,4.0,4.0,2.0,3.0,3.0,2.0,1.0,4.0,4.0,4.0,3.0
79979264.0,0.09800261240755566,78.52,94.83,4.0,4.0,4.0,4.0,2.0,3.0,3.0,3.0,3.0,4.0,3.0,3.0,4.0,3.0,4.0,1.0,3.0,4.0,4.0,2.0,3.0,4.0,4.0,4.0,2.0,4.0,3.0,3.0,4.0,1.0,1.0,3.0,3.0,4.0,4.0,3.0,2.0,4.0,4.0,4.0,4.0,4.0,4.0,4.0,2.0,3.0,4.0,1.0,3.0,2.0,3.0,2.0,3.0,4.0
81127808.0,0.09940998110333439,79.63,94.84,2.0,3.0,3.0,4.0,4.0,4.0,3.0,4.0,4.0,3.0,4.0,2.0,4.0,3.0,2.0,3.0,2.0,4.0,4.0,4.0,2.0,4.0,4.0,4.0,4.0,3.0,3.0,3.0,4.0,3.0,3.0,3.0,4.0,4.0,4.0,4.0,4.0,3.0,3.0,3.0,4.0,4.0,4.0,3.0,4.0,4.0,3.0,1.0,3.0,3.0,4.0,1.0,3.0,4.0
80770240.0,0.09897183505946301,68.3,88.45,1.0,3.0,4.0,4.0,3.0,2.0,4.0,3.0,4.0,2.0,4.0,4.0,3.0,3.0,4.0,2.0,4.0,1.0,4.0,4.0,3.0,3.0,4.0,4.0,4.0,3.0,4.0,4.0,3.0,3.0,4.0,3.0,4.0,3.0,3.0,2.0,4.0,3.0,4.0,3.0,3.0,2.0,3.0,3.0,4.0,4.0,4.0,3.0,3.0,3.0,4.0,2.0,3.0,3.0
81481280.0,0.09984310811251672,78.11,94.27,3.0,2.0,3.0,3.0,4.0,4.0,4.0,4.0,4.0,3.0,4.0,3.0,3.0,3.0,4.0,3.0,3.0,3.0,2.0,4.0,4.0,4.0,4.0,3.0,2.0,2.0,4.0,4.0,4.0,3.0,4.0,2.0,4.0,4.0,4.0,4.0,4.0,4.0,3.0,3.0,3.0,3.0,1.0,3.0,1.0,3.0,4.0,4.0,3.0,3.0,4.0,1.0,4.0,4.0
81584896.0,0.09997007400566649,79.32,94.64,4.0,3.0,2.0,3.0,4.0,4.0,4.0,4.0,3.0,2.0,4.0,4.0,4.0,4.0,3.0,2.0,3.0,2.0,3.0,3.0,4.0,2.0,2.0,4.0,3.0,3.0,4.0,4.0,3.0,4.0,3.0,4.0,4.0,3.0,4.0,4.0,3.0,1.0,3.0,4.0,4.0,3.0,2.0,4.0,3.0,3.0,1.0,3.0,2.0,3.0,4.0,4.0,3.0,3.0
80671488.0,0.0988508292700065,78.03,94.41,4.0,3.0,4.0,4.0,4.0,3.0,4.0,3.0,4.0,3.0,1.0,4.0,4.0,2.0,4.0,2.0,4.0,3.0,2.0,3.0,3.0,4.0,2.0,4.0,2.0,4.0,3.0,4.0,4.0,4.0,4.0,2.0,3.0,4.0,3.0,4.0,4.0,3.0,4.0,4.0,4.0,4.0,4.0,2.0,2.0,4.0,3.0,3.0,1.0,2.0,3.0,1.0,2.0,4.0
80028416.0,0.09806284082382435,81.58,95.94,4.0,3.0,3.0,4.0,4.0,4.0,4.0,2.0,4.0,4.0,4.0,2.0,4.0,4.0,3.0,3.0,4.0,4.0,4.0,3.0,2.0,3.0,4.0,4.0,2.0,2.0,4.0,3.0,2.0,4.0,4.0,3.0,3.0,4.0,2.0,3.0,3.0,3.0,3.0,4.0,2.0,3.0,3.0,4.0,4.0,2.0,4.0,2.0,3.0,3.0,4.0,4.0,4.0,4.0
81598400.0,0.09998662113565698,81.51,95.95,5.0,4.0,5.0,4.0,4.0,4.0,4.0,3.0,1.0,4.0,3.0,4.0,3.0,2.0,3.0,1.0,4.0,4.0,4.0,4.0,4.0,3.0,5.0,4.0,4.0,3.0,3.0,4.0,3.0,3.0,4.0,4.0,4.0,5.0,3.0,3.0,4.0,3.0,4.0,3.0,2.0,4.0,2.0,3.0,5.0,4.0,3.0,3.0,2.0,3.0,4.0,5.0,5.0,5.0
80756288.0,0.09895473897255341,81.07,95.59,3.0,4.0,4.0,4.0,4.0,4.0,2.0,3.0,3.0,4.0,4.0,3.0,3.0,4.0,4.0,3.0,4.0,2.0,4.0,4.0,4.0,3.0,3.0,3.0,3.0,3.0,4.0,2.0,2.0,3.0,4.0,4.0,3.0,4.0,4.0,3.0,3.0,4.0,4.0,4.0,4.0,4.0,4.0,3.0,4.0,3.0,3.0,1.0,2.0,3.0,4.0,3.0,4.0,4.0
80177536.0,0.09824556505547288,73.86,92.71,2.0,4.0,3.0,3.0,4.0,4.0,3.0,3.0,2.0,2.0,4.0,3.0,4.0,3.0,4.0,4.0,4.0,4.0,4.0,4.0,3.0,4.0,3.0,4.0,4.0,4.0,4.0,4.0,3.0,4.0,2.0,4.0,3.0,4.0,4.0,2.0,3.0,4.0,4.0,4.0,3.0,2.0,2.0,4.0,2.0,4.0,3.0,3.0,3.0,1.0,3.0,4.0,2.0,4.0
80839424.0,0.0990566096922579,80.48,95.47,4.0,3.0,4.0,4.0,3.0,1.0,4.0,3.0,2.0,2.0,3.0,3.0,4.0,4.0,3.0,3.0,4.0,2.0,4.0,4.0,3.0,4.0,3.0,4.0,4.0,3.0,4.0,4.0,4.0,3.0,4.0,4.0,4.0,4.0,4.0,4.0,4.0,4.0,4.0,4.0,3.0,2.0,3.0,3.0,4.0,3.0,3.0,3.0,3.0,2.0,3.0,2.0,4.0,4.0
80601856.0,0.0987655056802925,79.04,94.89,4.0,3.0,3.0,3.0,1.0,4.0,4.0,4.0,4.0,3.0,4.0,4.0,4.0,3.0,3.0,4.0,3.0,1.0,4.0,4.0,4.0,4.0,4.0,4.0,4.0,3.0,2.0,1.0,4.0,4.0,4.0,3.0,4.0,3.0,4.0,3.0,2.0,2.0,4.0,2.0,4.0,4.0,4.0,3.0,4.0,3.0,2.0,3.0,3.0,3.0,4.0,2.0,4.0,4.0
80813632.0,0.09902500545820023,77.84,94.43,3.0,3.0,4.0,3.0,3.0,4.0,4.0,4.0,4.0,2.0,4.0,4.0,2.0,2.0,2.0,4.0,4.0,3.0,3.0,3.0,4.0,4.0,4.0,1.0,4.0,3.0,4.0,4.0,4.0,4.0,4.0,3.0,4.0,4.0,2.0,3.0,4.0,4.0,4.0,4.0,4.0,4.0,1.0,3.0,4.0,2.0,1.0,3.0,3.0,3.0,3.0,4.0,4.0,4.0
80670272.0,0.09884933924408318,82.02,95.96,3.0,4.0,3.0,3.0,4.0,4.0,4.0,3.0,3.0,2.0,3.0,2.0,3.0,4.0,4.0,3.0,2.0,4.0,3.0,4.0,4.0,4.0,3.0,4.0,2.0,3.0,4.0,4.0,3.0,4.0,2.0,4.0,2.0,4.0,3.0,3.0,4.0,2.0,3.0,3.0,4.0,2.0,4.0,4.0,4.0,4.0,3.0,2.0,3.0,3.0,3.0,3.0,4.0,3.0
80956992.0,0.09920067167231726,80.72,95.62,3.0,4.0,3.0,4.0,4.0,4.0,3.0,4.0,4.0,3.0,4.0,3.0,4.0,4.0,4.0,4.0,4.0,1.0,4.0,4.0,4.0,4.0,3.0,4.0,4.0,4.0,4.0,4.0,3.0,4.0,4.0,2.0,2.0,3.0,3.0,3.0,4.0,4.0,4.0,3.0,3.0,2.0,4.0,4.0,2.0,4.0,4.0,1.0,3.0,3.0,2.0,4.0,3.0,2.0
80940608.0,0.09918059553356103,80.95,95.51,3.0,4.0,4.0,4.0,4.0,4.0,3.0,3.0,3.0,4.0,3.0,4.0,4.0,4.0,3.0,4.0,3.0,3.0,1.0,4.0,4.0,2.0,4.0,2.0,4.0,3.0,2.0,4.0,4.0,3.0,4.0,4.0,4.0,3.0,4.0,4.0,3.0,4.0,4.0,3.0,2.0,4.0,3.0,4.0,3.0,4.0,2.0,3.0,2.0,3.0,3.0,2.0,2.0,2.0
79635200.0,0.09758101349367476,78.07,94.37,4.0,2.0,4.0,4.0,3.0,4.0,4.0,4.0,4.0,4.0,1.0,2.0,1.0,4.0,4.0,2.0,3.0,3.0,4.0,4.0,4.0,2.0,2.0,3.0,3.0,4.0,3.0,2.0,4.0,4.0,2.0,3.0,4.0,3.0,3.0,4.0,3.0,4.0,4.0,3.0,3.0,4.0,3.0,4.0,2.0,4.0,4.0,1.0,3.0,2.0,3.0,3.0,2.0,4.0
80601856.0,0.0987655056802925,81.42,96.13,4.0,4.0,4.0,4.0,3.0,3.0,1.0,4.0,4.0,4.0,3.0,4.0,4.0,2.0,3.0,3.0,4.0,4.0,4.0,2.0,4.0,3.0,2.0,3.0,4.0,2.0,4.0,3.0,4.0,4.0,4.0,4.0,4.0,4.0,4.0,4.0,4.0,3.0,4.0,2.0,4.0,3.0,3.0,3.0,2.0,3.0,3.0,3.0,3.0,3.0,4.0,3.0,2.0,3.0
79708928.0,0.09767135611807781,79.04,94.76,4.0,4.0,4.0,4.0,3.0,1.0,4.0,4.0,3.0,4.0,4.0,4.0,4.0,4.0,3.0,4.0,4.0,3.0,4.0,2.0,4.0,4.0,3.0,3.0,2.0,4.0,4.0,4.0,4.0,3.0,3.0,3.0,4.0,3.0,4.0,1.0,4.0,4.0,3.0,4.0,4.0,4.0,1.0,2.0,4.0,3.0,3.0,3.0,3.0,2.0,3.0,4.0,3.0,4.0
79524608.0,0.09744549955707019,82.49,96.19,4.0,2.0,4.0,4.0,4.0,3.0,4.0,3.0,3.0,4.0,4.0,4.0,4.0,3.0,4.0,4.0,4.0,4.0,4.0,4.0,3.0,4.0,1.0,2.0,4.0,4.0,3.0,4.0,4.0,4.0,3.0,3.0,2.0,4.0,4.0,3.0,2.0,2.0,3.0,4.0,4.0,3.0,4.0,2.0,4.0,2.0,3.0,3.0,3.0,3.0,4.0,3.0,3.0,4.0
81367808.0,0.0997040651671464,80.68,95.39,4.0,4.0,3.0,4.0,3.0,4.0,4.0,3.0,4.0,3.0,4.0,4.0,4.0,4.0,2.0,3.0,4.0,3.0,4.0,3.0,3.0,3.0,4.0,3.0,4.0,4.0,2.0,3.0,4.0,4.0,2.0,4.0,2.0,4.0,3.0,3.0,4.0,1.0,2.0,4.0,4.0,3.0,4.0,3.0,4.0,4.0,3.0,4.0,1.0,2.0,4.0,4.0,2.0,3.0
79491840.0,0.09740534727955773,81.28,95.33,4.0,3.0,4.0,3.0,4.0,3.0,4.0,4.0,4.0,4.0,4.0,3.0,4.0,4.0,4.0,3.0,4.0,3.0,3.0,4.0,4.0,3.0,4.0,4.0,4.0,3.0,3.0,4.0,3.0,3.0,4.0,3.0,1.0,4.0,4.0,4.0,4.0,4.0,4.0,4.0,3.0,4.0,4.0,3.0,4.0,2.0,1.0,2.0,2.0,3.0,4.0,4.0,4.0,4.0
80835328.0,0.09905159065756883,81.5,95.69,4.0,4.0,3.0,4.0,4.0,4.0,3.0,4.0,4.0,3.0,3.0,3.0,4.0,3.0,4.0,3.0,2.0,3.0,4.0,1.0,3.0,3.0,4.0,4.0,3.0,4.0,2.0,4.0,3.0,4.0,4.0,4.0,3.0,4.0,4.0,4.0,4.0,2.0,3.0,4.0,3.0,4.0,4.0,2.0,3.0,1.0,3.0,3.0,3.0,3.0,2.0,3.0,4.0,4.0
81141312.0,0.09942652823332489,83.2,96.28,3.0,4.0,4.0,2.0,4.0,4.0,4.0,3.0,4.0,4.0,3.0,4.0,4.0,3.0,4.0,4.0,4.0,4.0,4.0,3.0,3.0,4.0,4.0,3.0,4.0,3.0,4.0,2.0,3.0,4.0,3.0,4.0,3.0,4.0,3.0,4.0,4.0,3.0,4.0,4.0,4.0,4.0,2.0,2.0,3.0,3.0,3.0,2.0,3.0,3.0,4.0,3.0,4.0,3.0
80722304.0,0.09891309666911763,80.71,95.45,2.0,4.0,3.0,4.0,4.0,4.0,3.0,4.0,4.0,4.0,4.0,4.0,3.0,3.0,4.0,3.0,2.0,4.0,4.0,4.0,4.0,4.0,3.0,4.0,4.0,3.0,3.0,4.0,3.0,3.0,4.0,4.0,3.0,4.0,4.0,4.0,4.0,4.0,4.0,4.0,3.0,3.0,1.0,3.0,4.0,2.0,3.0,3.0,2.0,3.0,4.0,4.0,4.0,4.0
81416960.0,0.0997642935834151,82.82,96.17,4.0,4.0,3.0,3.0,3.0,4.0,3.0,3.0,3.0,2.0,2.0,4.0,4.0,4.0,4.0,4.0,4.0,3.0,3.0,2.0,4.0,3.0,4.0,2.0,2.0,3.0,3.0,3.0,3.0,4.0,3.0,4.0,4.0,4.0,4.0,4.0,4.0,3.0,4.0,2.0,4.0,3.0,4.0,4.0,3.0,4.0,4.0,2.0,3.0,3.0,3.0,4.0,3.0,4.0
80909056.0,0.09914193328197188,81.93,95.89,4.0,4.0,4.0,4.0,4.0,3.0,4.0,4.0,3.0,4.0,4.0,4.0,4.0,3.0,4.0,3.0,4.0,4.0,3.0,4.0,4.0,4.0,4.0,3.0,1.0,4.0,4.0,4.0,4.0,4.0,4.0,3.0,4.0,3.0,4.0,3.0,2.0,2.0,4.0,4.0,3.0,3.0,4.0,4.0,4.0,4.0,2.0,1.0,2.0,3.0,4.0,4.0,4.0,4.0
81150720.0,0.09943805632862632,82.12,96.05,4.0,3.0,4.0,4.0,3.0,4.0,1.0,4.0,4.0,4.0,3.0,4.0,3.0,4.0,4.0,3.0,3.0,4.0,4.0,4.0,4.0,4.0,4.0,4.0,4.0,4.0,4.0,4.0,4.0,3.0,4.0,4.0,2.0,3.0,3.0,3.0,4.0,4.0,2.0,4.0,3.0,3.0,3.0,2.0,3.0,3.0,3.0,3.0,3.0,3.0,3.0,4.0,4.0,4.0
81582016.0,0.09996654499690075,83.16,96.39,5.0,1.0,3.0,3.0,3.0,3.0,4.0,3.0,2.0,4.0,4.0,5.0,4.0,4.0,4.0,3.0,3.0,4.0,4.0,4.0,2.0,4.0,5.0,4.0,3.0,3.0,2.0,3.0,3.0,4.0,4.0,4.0,4.0,5.0,4.0,4.0,4.0,4.0,4.0,4.0,3.0,2.0,3.0,3.0,3.0,3.0,2.0,3.0,4.0,3.0,5.0,3.0,3.0,3.0
79662656.0,0.09761465671057486,77.16,93.87,3.0,3.0,3.0,4.0,4.0,4.0,3.0,2.0,3.0,4.0,4.0,3.0,4.0,3.0,4.0,4.0,4.0,4.0,4.0,3.0,4.0,4.0,4.0,3.0,3.0,3.0,4.0,4.0,4.0,3.0,2.0,4.0,4.0,3.0,4.0,2.0,4.0,3.0,4.0,4.0,4.0,3.0,4.0,3.0,2.0,3.0,3.0,2.0,3.0,1.0,4.0,4.0,4.0,3.0
81412864.0,0.09975927454872605,83.34,96.5,4.0,4.0,4.0,3.0,3.0,3.0,4.0,4.0,4.0,4.0,4.0,4.0,3.0,3.0,4.0,4.0,3.0,4.0,4.0,2.0,4.0,4.0,4.0,4.0,4.0,4.0,3.0,3.0,4.0,4.0,4.0,4.0,4.0,4.0,4.0,2.0,3.0,4.0,4.0,4.0,3.0,2.0,4.0,3.0,3.0,3.0,3.0,2.0,3.0,3.0,3.0,3.0,4.0,4.0
80941824.0,0.09918208555948435,80.11,95.22,4.0,4.0,4.0,3.0,3.0,3.0,3.0,3.0,4.0,4.0,3.0,4.0,2.0,4.0,4.0,3.0,4.0,4.0,2.0,4.0,3.0,4.0,4.0,4.0,4.0,4.0,3.0,4.0,4.0,4.0,4.0,1.0,4.0,3.0,4.0,3.0,3.0,4.0,4.0,4.0,4.0,3.0,4.0,3.0,3.0,3.0,1.0,3.0,3.0,2.0,4.0,4.0,4.0,4.0
81408768.0,0.09975425551403698,82.24,95.86,4.0,3.0,4.0,4.0,4.0,4.0,3.0,2.0,4.0,4.0,4.0,3.0,3.0,4.0,4.0,3.0,4.0,2.0,4.0,4.0,4.0,4.0,4.0,4.0,2.0,4.0,2.0,4.0,2.0,4.0,3.0,4.0,4.0,4.0,4.0,4.0,4.0,3.0,3.0,4.0,2.0,4.0,4.0,3.0,4.0,3.0,3.0,2.0,1.0,3.0,4.0,4.0,4.0,4.0
80425728.0,0.098549687188663,83.64,96.62,4.0,4.0,4.0,3.0,4.0,3.0,4.0,4.0,4.0,3.0,4.0,4.0,4.0,4.0,4.0,3.0,3.0,3.0,4.0,3.0,2.0,3.0,3.0,4.0,3.0,4.0,4.0,3.0,3.0,4.0,4.0,4.0,4.0,3.0,3.0,3.0,3.0,4.0,4.0,3.0,3.0,3.0,3.0,3.0,4.0,3.0,3.0,3.0,2.0,3.0,4.0,3.0,4.0,4.0
81392384.0,0.09973417937528076,83.98,96.75,4.0,3.0,4.0,4.0,3.0,4.0,4.0,3.0,4.0,4.0,3.0,4.0,3.0,4.0,4.0,2.0,4.0,2.0,3.0,3.0,4.0,4.0,4.0,4.0,4.0,4.0,4.0,4.0,3.0,3.0,4.0,4.0,4.0,3.0,4.0,4.0,3.0,3.0,3.0,3.0,3.0,3.0,3.0,3.0,4.0,3.0,3.0,3.0,3.0,3.0,4.0,3.0,4.0,4.0
81358400.0,0.09969253707184497,82.0,96.36,3.0,4.0,4.0,4.0,4.0,3.0,4.0,4.0,4.0,3.0,2.0,4.0,3.0,4.0,4.0,4.0,3.0,4.0,3.0,4.0,4.0,4.0,4.0,4.0,4.0,4.0,4.0,2.0,4.0,4.0,4.0,4.0,4.0,4.0,3.0,4.0,4.0,3.0,4.0,4.0,3.0,4.0,3.0,3.0,4.0,2.0,2.0,2.0,3.0,2.0,4.0,4.0,3.0,4.0
81441536.0,0.09979440779154945,81.21,95.93,4.0,3.0,4.0,2.0,4.0,4.0,4.0,4.0,4.0,3.0,4.0,4.0,4.0,4.0,4.0,4.0,4.0,4.0,4.0,4.0,4.0,4.0,3.0,3.0,3.0,2.0,4.0,1.0,4.0,4.0,3.0,4.0,4.0,4.0,4.0,4.0,1.0,4.0,4.0,4.0,3.0,4.0,2.0,4.0,4.0,3.0,3.0,2.0,2.0,2.0,3.0,4.0,4.0,4.0
80741120.0,0.09893615285972049,83.23,96.54,4.0,4.0,4.0,4.0,3.0,4.0,4.0,4.0,4.0,4.0,3.0,4.0,3.0,3.0,4.0,4.0,3.0,3.0,3.0,4.0,4.0,2.0,3.0,4.0,3.0,4.0,3.0,4.0,4.0,4.0,2.0,4.0,4.0,4.0,4.0,4.0,3.0,4.0,4.0,4.0,4.0,3.0,2.0,3.0,4.0,3.0,2.0,2.0,3.0,3.0,3.0,4.0,4.0,4.0
79913728.0,0.09792230785253073,82.86,96.43,4.0,3.0,3.0,3.0,3.0,4.0,3.0,4.0,4.0,3.0,2.0,4.0,4.0,3.0,4.0,4.0,4.0,4.0,4.0,3.0,4.0,3.0,3.0,4.0,4.0,4.0,4.0,4.0,3.0,4.0,4.0,4.0,4.0,4.0,4.0,4.0,4.0,4.0,4.0,3.0,4.0,2.0,3.0,3.0,4.0,3.0,2.0,3.0,3.0,2.0,4.0,3.0,4.0,4.0
