"X1","X2","X3","X4","X5","X6","X7","X8","X9","X10","X11","X12","X13","X14","X15","X16","X17","X18","X19","X20","X21","X22","X23","X24","X25","X26","X27","X28","X29","X30","X31","X32","X33","X34","X35","X36","X37","X38","X39","X40","X41","X42","X43","X44","X45","X46","X47","X48","X49","X50","X51","X52","X53","X54","Top1","Top5","Size","SizeRatio"
0.328074781224132,0.790237134322524,0.681026397272944,0.518152194097638,0.39402268268168,0.759700519964099,0.721397401764989,0.23126575909555,0.42045090533793,0.725467698648572,0.140223296359181,0.296046314761043,0.619724886491895,0.583958702161908,0.981926614418626,0.510230520740151,0.68340958468616,0.551182413473725,0.987594528123736,0.324298052117229,0.733372753486037,0.795529207214713,0.261881215497851,0.6031359937042,0.0341076757758856,0.979055343195796,0.83682500384748,0.850348925217986,0.802426924929023,0.0876910220831633,0.662606773898005,0.504802441224456,0.0680018868297338,0.918094953522086,0.858003241941333,0.924648961052299,0.579462355002761,0.858116967603564,0.928785579279065,0.361751301214099,0.621896209195256,0.70476352237165,0.211373249068856,0.904842587187886,0.403727391734719,0.222718996927142,0.735605103895068,0.347798949107528,0.307877024635673,0.99974967725575,0.616836855188012,0.570764297619462,0.394253170117736,0.42925770021975,63.55,86.69,81484160,0.0998466371212825
0.0780747812241316,0.0402371343225241,0.931026397272944,0.268152194097638,0.14402268268168,0.00970051996409893,0.971397401764989,0.98126575909555,0.67045090533793,0.975467698648572,0.890223296359181,0.0460463147610426,0.369724886491895,0.833958702161908,0.231926614418626,0.760230520740151,0.93340958468616,0.301182413473725,0.737594528123736,0.574298052117229,0.983372753486037,0.0455292072147131,0.0118812154978514,0.3531359937042,0.784107675775886,0.729055343195796,0.58682500384748,0.600348925217986,0.0524269249290228,0.337691022083163,0.412606773898005,0.754802441224456,0.818001886829734,0.168094953522086,0.608003241941333,0.174648961052299,0.829462355002761,0.608116967603564,0.678785579279065,0.611751301214099,0.871896209195256,0.45476352237165,0.461373249068856,0.654842587187886,0.153727391734719,0.972718996927142,0.485605103895068,0.0977989491075277,0.557877024635673,0.24974967725575,0.866836855188012,0.820764297619462,0.644253170117736,0.67925770021975,55.36,80.22,81249472,0.0995590621180828
0.578074781224132,0.540237134322524,0.431026397272944,0.768152194097638,0.64402268268168,0.509700519964099,0.471397401764989,0.48126575909555,0.17045090533793,0.475467698648572,0.390223296359181,0.546046314761043,0.869724886491895,0.333958702161908,0.731926614418626,0.260230520740151,0.43340958468616,0.801182413473725,0.237594528123736,0.0742980521172285,0.483372753486037,0.545529207214713,0.511881215497851,0.8531359937042,0.284107675775886,0.229055343195796,0.0868250038474798,0.100348925217986,0.552426924929023,0.837691022083163,0.912606773898005,0.254802441224456,0.318001886829734,0.668094953522086,0.108003241941333,0.674648961052299,0.329462355002761,0.108116967603564,0.178785579279065,0.111751301214099,0.371896209195256,0.95476352237165,0.961373249068856,0.154842587187886,0.653727391734719,0.472718996927142,0.985605103895068,0.597798949107528,0.0578770246356726,0.74974967725575,0.366836855188012,0.320764297619462,0.144253170117736,0.17925770021975,57.59,83.18,81446848,0.0998009168521618
0.953074781224132,0.915237134322524,0.806026397272944,0.893152194097638,0.26902268268168,0.384700519964099,0.346397401764989,0.85626575909555,0.0454509053379297,0.600467698648572,0.0152232963591814,0.171046314761043,0.994724886491895,0.208958702161908,0.106926614418626,0.385230520740151,0.80840958468616,0.676182413473725,0.362594528123736,0.949298052117229,0.608372753486037,0.170529207214713,0.136881215497851,0.2281359937042,0.409107675775886,0.854055343195796,0.46182500384748,0.225348925217986,0.677426924929023,0.462691022083163,0.0376067738980055,0.129802441224456,0.693001886829734,0.793094953522086,0.733003241941333,0.549648961052299,0.704462355002761,0.483116967603564,0.0537855792790651,0.736751301214099,0.996896209195256,0.57976352237165,0.0863732490688562,0.779842587187886,0.528727391734719,0.847718996927142,0.360605103895068,0.972798949107528,0.932877024635673,0.87474967725575,0.241836855188012,0.195764297619462,0.269253170117736,0.55425770021975,68.04,88.71,81572160,0.0999544679446802
0.453074781224132,0.415237134322524,0.306026397272944,0.393152194097638,0.76902268268168,0.884700519964099,0.846397401764989,0.35626575909555,0.54545090533793,0.100467698648572,0.515223296359181,0.671046314761043,0.494724886491895,0.708958702161908,0.606926614418626,0.885230520740151,0.30840958468616,0.176182413473725,0.862594528123736,0.449298052117229,0.108372753486037,0.670529207214713,0.636881215497851,0.7281359937042,0.909107675775886,0.354055343195796,0.96182500384748,0.725348925217986,0.177426924929023,0.962691022083163,0.537606773898005,0.629802441224456,0.193001886829734,0.293094953522086,0.233003241941333,0.0496489610522985,0.204462355002761,0.983116967603564,0.553785579279065,0.236751301214099,0.496896209195256,0.0797635223716497,0.586373249068856,0.279842587187886,0.0287273917347193,0.347718996927142,0.860605103895068,0.472798949107528,0.432877024635673,0.37474967725575,0.741836855188012,0.695764297619462,0.769253170117736,0.0542577002197504,64.14,86.73,80162368,0.09822697894264
0.203074781224132,0.665237134322524,0.0560263972729445,0.643152194097638,0.51902268268168,0.134700519964099,0.596397401764989,0.60626575909555,0.29545090533793,0.350467698648572,0.265223296359181,0.921046314761043,0.744724886491895,0.958958702161908,0.356926614418626,0.635230520740151,0.0584095846861601,0.926182413473725,0.612594528123736,0.699298052117229,0.358372753486037,0.420529207214713,0.886881215497851,0.4781359937042,0.159107675775886,0.104055343195796,0.71182500384748,0.975348925217986,0.927426924929023,0.712691022083163,0.287606773898005,0.879802441224456,0.943001886829734,0.543094953522086,0.483003241941333,0.799648961052299,0.454462355002761,0.733116967603564,0.803785579279065,0.986751301214099,0.246896209195256,0.82976352237165,0.836373249068856,0.0298425871878862,0.278727391734719,0.597718996927142,0.110605103895068,0.222798949107528,0.682877024635673,0.62474967725575,0.991836855188012,0.945764297619462,0.0192531701177359,0.80425770021975,40.24,66.87,80622784,0.0987911498106569
0.703074781224132,0.165237134322524,0.556026397272944,0.143152194097638,0.0190226826816797,0.634700519964099,0.0963974017649889,0.10626575909555,0.79545090533793,0.850467698648572,0.765223296359181,0.421046314761043,0.244724886491895,0.458958702161908,0.856926614418626,0.135230520740151,0.55840958468616,0.426182413473725,0.112594528123736,0.199298052117229,0.858372753486037,0.920529207214713,0.386881215497851,0.9781359937042,0.659107675775886,0.604055343195796,0.21182500384748,0.475348925217986,0.427426924929023,0.212691022083163,0.787606773898005,0.379802441224456,0.443001886829734,0.0430949535220861,0.983003241941333,0.299648961052299,0.954462355002761,0.233116967603564,0.303785579279065,0.486751301214099,0.746896209195256,0.32976352237165,0.336373249068856,0.529842587187886,0.778727391734719,0.0977189969271421,0.610605103895068,0.722798949107528,0.182877024635673,0.12474967725575,0.491836855188012,0.445764297619462,0.519253170117736,0.30425770021975,70.29,90.62,81464448,0.0998224830168414
0.265574781224132,0.227737134322524,0.118526397272944,0.830652194097638,0.33152268268168,0.822200519964099,0.783897401764989,0.66876575909555,0.73295090533793,0.037967698648572,0.202723296359181,0.483546314761043,0.932224886491895,0.0214587021619081,0.669426614418626,0.322730520740151,0.49590958468616,0.238682413473725,0.800094528123736,0.636798052117229,0.920872753486037,0.983029207214713,0.699381215497851,0.9156359937042,0.596607675775886,0.166555343195796,0.27432500384748,0.787848925217986,0.489926924929023,0.400191022083163,0.975106773898005,0.442302441224456,0.00550188682973385,0.105594953522086,0.420503241941333,0.737148961052299,0.141962355002761,0.795616967603564,0.616285579279065,0.799251301214099,0.934396209195256,0.76726352237165,0.148873249068856,0.0923425871878862,0.591227391734719,0.785218996927142,0.423105103895068,0.410298949107528,0.495377024635673,0.0622496772557497,0.804336855188012,0.00826429761946201,0.0817531701177359,0.74175770021975,64.05,86.67,80714112,0.0989030585997395
0.765574781224132,0.727737134322524,0.618526397272944,0.330652194097638,0.83152268268168,0.322200519964099,0.283897401764989,0.16876575909555,0.23295090533793,0.537967698648572,0.702723296359181,0.983546314761043,0.432224886491895,0.521458702161908,0.169426614418626,0.822730520740151,0.99590958468616,0.738682413473725,0.300094528123736,0.136798052117229,0.420872753486037,0.483029207214713,0.199381215497851,0.4156359937042,0.0966076757758856,0.666555343195796,0.77432500384748,0.287848925217986,0.989926924929023,0.900191022083163,0.475106773898005,0.942302441224456,0.505501886829734,0.605594953522086,0.920503241941333,0.237148961052299,0.641962355002761,0.295616967603564,0.116285579279065,0.299251301214099,0.434396209195256,0.26726352237165,0.648873249068856,0.592342587187886,0.0912273917347193,0.285218996927142,0.923105103895068,0.910298949107528,0.995377024635673,0.56224967725575,0.304336855188012,0.508264297619462,0.581753170117736,0.24175770021975,53.53,80.22,81251456,0.0995614932130103
0.515574781224132,0.477737134322524,0.868526397272944,0.580652194097638,0.58152268268168,0.572200519964099,0.0338974017649889,0.91876575909555,0.98295090533793,0.787967698648572,0.452723296359181,0.733546314761043,0.682224886491895,0.771458702161908,0.919426614418626,0.572730520740151,0.74590958468616,0.488682413473725,0.0500945281237364,0.886798052117229,0.170872753486037,0.733029207214713,0.449381215497851,0.6656359937042,0.846607675775886,0.916555343195796,0.52432500384748,0.0378489252179861,0.239926924929023,0.650191022083163,0.725106773898005,0.692302441224456,0.255501886829734,0.355594953522086,0.670503241941333,0.987148961052299,0.891962355002761,0.0456169676035643,0.366285579279065,0.549251301214099,0.184396209195256,0.51726352237165,0.898873249068856,0.842342587187886,0.341227391734719,0.535218996927142,0.173105103895068,0.660298949107528,0.245377024635673,0.31224967725575,0.0543368551880121,0.758264297619462,0.331753170117736,0.99175770021975,71.9,91.26,79450880,0.0973551569326671
0.0155747812241316,0.977737134322524,0.368526397272944,0.0806521940976381,0.0815226826816797,0.0722005199640989,0.533897401764989,0.41876575909555,0.48295090533793,0.287967698648572,0.952723296359181,0.233546314761043,0.182224886491895,0.271458702161908,0.419426614418626,0.0727305207401514,0.24590958468616,0.988682413473725,0.550094528123736,0.386798052117229,0.670872753486037,0.233029207214713,0.949381215497851,0.1656359937042,0.346607675775886,0.416555343195796,0.0243250038474798,0.537848925217986,0.739926924929023,0.150191022083163,0.225106773898005,0.192302441224456,0.755501886829734,0.855594953522086,0.170503241941333,0.487148961052299,0.391962355002761,0.545616967603564,0.866285579279065,0.0492513012140989,0.684396209195256,0.0172635223716497,0.398873249068856,0.342342587187886,0.841227391734719,0.0352189969271421,0.673105103895068,0.160298949107528,0.745377024635673,0.81224967725575,0.554336855188012,0.258264297619462,0.831753170117736,0.49175770021975,45.94,72.48,79303872,0.0971750206407802
0.390574781224132,0.602737134322524,0.993526397272944,0.205652194097638,0.95652268268168,0.947200519964099,0.658897401764989,0.79376575909555,0.35795090533793,0.662967698648572,0.577723296359181,0.608546314761043,0.0572248864918947,0.146458702161908,0.794426614418626,0.197730520740151,0.62090958468616,0.613682413473725,0.925094528123736,0.511798052117229,0.295872753486037,0.608029207214713,0.324381215497851,0.7906359937042,0.471607675775886,0.541555343195796,0.39932500384748,0.662848925217986,0.614926924929023,0.525191022083163,0.850106773898005,0.317302441224456,0.130501886829734,0.730594953522086,0.545503241941333,0.362148961052299,0.516962355002761,0.920616967603564,0.991285579279065,0.674251301214099,0.0593962091952562,0.39226352237165,0.523873249068856,0.717342587187886,0.966227391734719,0.660218996927142,0.0481051038950682,0.285298949107528,0.370377024635673,0.68724967725575,0.929336855188012,0.133264297619462,0.706753170117736,0.86675770021975,72.59,91.53,81264192,0.0995770992739966
0.890574781224132,0.102737134322524,0.493526397272944,0.705652194097638,0.45652268268168,0.447200519964099,0.158897401764989,0.29376575909555,0.85795090533793,0.162967698648572,0.0777232963591814,0.108546314761043,0.557224886491895,0.646458702161908,0.294426614418626,0.697730520740151,0.12090958468616,0.113682413473725,0.425094528123736,0.0117980521172285,0.795872753486037,0.108029207214713,0.824381215497851,0.2906359937042,0.971607675775886,0.041555343195796,0.89932500384748,0.162848925217986,0.114926924929023,0.0251910220831633,0.350106773898005,0.817302441224456,0.630501886829734,0.230594953522086,0.0455032419413328,0.862148961052299,0.0169623550027609,0.420616967603564,0.491285579279065,0.174251301214099,0.559396209195256,0.89226352237165,0.0238732490688562,0.217342587187886,0.466227391734719,0.160218996927142,0.548105103895068,0.785298949107528,0.870377024635673,0.18724967725575,0.429336855188012,0.633264297619462,0.206753170117736,0.36675770021975,45.89,73.19,80716096,0.098905489694667
0.640574781224132,0.852737134322524,0.243526397272944,0.455652194097638,0.20652268268168,0.697200519964099,0.408897401764989,0.54376575909555,0.10795090533793,0.412967698648572,0.827723296359181,0.358546314761043,0.307224886491895,0.896458702161908,0.544426614418626,0.947730520740151,0.37090958468616,0.863682413473725,0.175094528123736,0.761798052117229,0.545872753486037,0.858029207214713,0.574381215497851,0.5406359937042,0.221607675775886,0.291555343195796,0.64932500384748,0.412848925217986,0.864926924929023,0.275191022083163,0.600106773898005,0.567302441224456,0.380501886829734,0.980594953522086,0.295503241941333,0.112148961052299,0.266962355002761,0.170616967603564,0.241285579279065,0.924251301214099,0.809396209195256,0.14226352237165,0.273873249068856,0.467342587187886,0.216227391734719,0.910218996927142,0.298105103895068,0.535298949107528,0.120377024635673,0.93724967725575,0.179336855188012,0.883264297619462,0.956753170117736,0.61675770021975,66.96,88.24,81217472,0.0995198509095746
0.140574781224132,0.352737134322524,0.743526397272944,0.955652194097638,0.70652268268168,0.197200519964099,0.908897401764989,0.0437657590955496,0.60795090533793,0.912967698648572,0.327723296359181,0.858546314761043,0.807224886491895,0.396458702161908,0.0444266144186258,0.447730520740151,0.87090958468616,0.363682413473725,0.675094528123736,0.261798052117229,0.0458727534860373,0.358029207214713,0.0743812154978514,0.0406359937041998,0.721607675775886,0.791555343195796,0.14932500384748,0.912848925217986,0.364926924929023,0.775191022083163,0.100106773898005,0.0673024412244558,0.880501886829734,0.480594953522086,0.795503241941333,0.612148961052299,0.766962355002761,0.670616967603564,0.741285579279065,0.424251301214099,0.309396209195256,0.64226352237165,0.773873249068856,0.967342587187886,0.716227391734719,0.410218996927142,0.798105103895068,0.0352989491075277,0.620377024635673,0.43724967725575,0.679336855188012,0.383264297619462,0.456753170117736,0.11675770021975,48.06,74.38,81589440,0.0999756419972747
0.0468247812241316,0.446487134322524,0.212276397272944,0.174402194097638,0.42527268268168,0.353450519964099,0.440147401764989,0.13751575909555,0.38920090533793,0.569217698648572,0.546473296359181,0.827296314761043,0.525974886491895,0.990208702161908,0.950676614418626,0.291480520740151,0.96465958468616,0.769932413473725,0.893844528123736,0.918048052117229,0.639622753486037,0.951779207214713,0.105631215497851,0.1968859937042,0.627857675775886,0.197805343195796,0.18057500384748,0.194098925217986,0.396176924929023,0.743941022083163,0.568856773898005,0.0985524412244558,0.786751886829734,0.324344953522086,0.264253241941333,0.268398961052299,0.110712355002761,0.764366967603564,0.147535579279065,0.768001301214099,0.715646209195256,0.17351352237165,0.867623249068856,0.436092587187886,0.809977391734719,0.503968996927142,0.0793551038950682,0.191548949107528,0.651627024635673,0.40599967725575,0.273086855188012,0.539514297619462,0.425503170117736,0.14800770021975,46.81,72.17,80762048,0.0989617969900849
0.546824781224132,0.946487134322524,0.712276397272944,0.674402194097638,0.92527268268168,0.853450519964099,0.940147401764989,0.63751575909555,0.88920090533793,0.069217698648572,0.0464732963591814,0.327296314761043,0.0259748864918947,0.490208702161908,0.450676614418626,0.791480520740151,0.46465958468616,0.269932413473725,0.393844528123736,0.418048052117229,0.139622753486037,0.451779207214713,0.605631215497851,0.6968859937042,0.127857675775886,0.697805343195796,0.68057500384748,0.694098925217986,0.896176924929023,0.243941022083163,0.0688567738980055,0.598552441224456,0.286751886829734,0.824344953522086,0.764253241941333,0.768398961052299,0.610712355002761,0.264366967603564,0.647535579279065,0.268001301214099,0.215646209195256,0.67351352237165,0.367623249068856,0.936092587187886,0.309977391734719,0.00396899692714214,0.579355103895068,0.691548949107528,0.151627024635673,0.90599967725575,0.773086855188012,0.039514297619462,0.925503170117736,0.64800770021975,66.76,88.3,80335616,0.0984392684255037
0.796824781224132,0.196487134322524,0.962276397272944,0.424402194097638,0.67527268268168,0.103450519964099,0.690147401764989,0.38751575909555,0.13920090533793,0.319217698648572,0.796473296359181,0.0772963147610426,0.775974886491895,0.240208702161908,0.700676614418626,0.541480520740151,0.21465958468616,0.519932413473725,0.143844528123736,0.668048052117229,0.389622753486037,0.701779207214713,0.855631215497851,0.4468859937042,0.877857675775886,0.947805343195796,0.93057500384748,0.944098925217986,0.146176924929023,0.493941022083163,0.818856773898005,0.848552441224456,0.536751886829734,0.0743449535220861,0.514253241941333,0.0183989610522985,0.860712355002761,0.0143669676035643,0.897535579279065,0.518001301214099,0.465646209195256,0.42351352237165,0.117623249068856,0.686092587187886,0.0599773917347193,0.753968996927142,0.329355103895068,0.941548949107528,0.901627024635673,0.15599967725575,0.523086855188012,0.289514297619462,0.175503170117736,0.39800770021975,66.97,88.81,80940160,0.0991800465766419
0.296824781224132,0.696487134322524,0.462276397272944,0.924402194097638,0.17527268268168,0.603450519964099,0.190147401764989,0.88751575909555,0.63920090533793,0.819217698648572,0.296473296359181,0.577296314761043,0.275974886491895,0.740208702161908,0.200676614418626,0.0414805207401514,0.71465958468616,0.0199324134737253,0.643844528123736,0.168048052117229,0.889622753486037,0.201779207214713,0.355631215497851,0.9468859937042,0.377857675775886,0.447805343195796,0.43057500384748,0.444098925217986,0.646176924929023,0.993941022083163,0.318856773898005,0.348552441224456,0.0367518868297338,0.574344953522086,0.0142532419413328,0.518398961052299,0.360712355002761,0.514366967603564,0.397535579279065,0.0180013012140989,0.965646209195256,0.92351352237165,0.617623249068856,0.186092587187886,0.559977391734719,0.253968996927142,0.829355103895068,0.441548949107528,0.401627024635673,0.65599967725575,0.0230868551880121,0.789514297619462,0.675503170117736,0.89800770021975,36.53,62.25,80782528,0.0989868921635302
0.171824781224132,0.821487134322524,0.837276397272944,0.799402194097638,0.80027268268168,0.478450519964099,0.0651474017649889,0.26251575909555,0.51420090533793,0.194217698648572,0.171473296359181,0.202296314761043,0.400974886491895,0.865208702161908,0.575676614418626,0.166480520740151,0.0896595846861601,0.394932413473725,0.768844528123736,0.793048052117229,0.0146227534860373,0.576779207214713,0.980631215497851,0.0718859937041998,0.252857675775886,0.572805343195796,0.0555750038474798,0.319098925217986,0.521176924929023,0.368941022083163,0.693856773898005,0.223552441224456,0.911751886829734,0.949344953522086,0.639253241941333,0.643398961052299,0.735712355002761,0.889366967603564,0.272535579279065,0.643001301214099,0.340646209195256,0.54851352237165,0.492623249068856,0.811092587187886,0.684977391734719,0.878968996927142,0.454355103895068,0.0665489491075277,0.526627024635673,0.78099967725575,0.398086855188012,0.664514297619462,0.800503170117736,0.27300770021975,46.75,72.62,81364160,0.0996995950893765
0.671824781224132,0.321487134322524,0.337276397272944,0.299402194097638,0.30027268268168,0.978450519964099,0.565147401764989,0.76251575909555,0.0142009053379297,0.694217698648572,0.671473296359181,0.702296314761043,0.900974886491895,0.365208702161908,0.0756766144186258,0.666480520740151,0.58965958468616,0.894932413473725,0.268844528123736,0.293048052117229,0.514622753486037,0.0767792072147131,0.480631215497851,0.5718859937042,0.752857675775886,0.072805343195796,0.55557500384748,0.819098925217986,0.0211769249290228,0.868941022083163,0.193856773898005,0.723552441224456,0.411751886829734,0.449344953522086,0.139253241941333,0.143398961052299,0.235712355002761,0.389366967603564,0.772535579279065,0.143001301214099,0.840646209195256,0.0485135223716497,0.992623249068856,0.311092587187886,0.184977391734719,0.378968996927142,0.954355103895068,0.566548949107528,0.0266270246356726,0.28099967725575,0.898086855188012,0.164514297619462,0.300503170117736,0.77300770021975,66.57,88.17,80250816,0.0983353587229568
0.921824781224132,0.571487134322524,0.0872763972729445,0.549402194097638,0.0502726826816797,0.228450519964099,0.815147401764989,0.0125157590955496,0.76420090533793,0.944217698648572,0.421473296359181,0.952296314761043,0.150974886491895,0.115208702161908,0.825676614418626,0.916480520740151,0.83965958468616,0.144932413473725,0.0188445281237364,0.543048052117229,0.764622753486037,0.826779207214713,0.230631215497851,0.3218859937042,0.00285767577588558,0.322805343195796,0.80557500384748,0.569098925217986,0.771176924929023,0.618941022083163,0.943856773898005,0.973552441224456,0.661751886829734,0.699344953522086,0.389253241941333,0.893398961052299,0.485712355002761,0.139366967603564,0.522535579279065,0.893001301214099,0.590646209195256,0.79851352237165,0.742623249068856,0.0610925871878862,0.434977391734719,0.628968996927142,0.204355103895068,0.816548949107528,0.776627024635673,0.53099967725575,0.648086855188012,0.414514297619462,0.550503170117736,0.0230077002197504,51.62,78.11,81125696,0.0994073931635728
0.421824781224132,0.0714871343225241,0.587276397272944,0.0494021940976381,0.55027268268168,0.728450519964099,0.315147401764989,0.51251575909555,0.26420090533793,0.444217698648572,0.921473296359181,0.452296314761043,0.650974886491895,0.615208702161908,0.325676614418626,0.416480520740151,0.33965958468616,0.644932413473725,0.518844528123736,0.0430480521172285,0.264622753486037,0.326779207214713,0.730631215497851,0.8218859937042,0.502857675775886,0.822805343195796,0.30557500384748,0.0690989252179861,0.271176924929023,0.118941022083163,0.443856773898005,0.473552441224456,0.161751886829734,0.199344953522086,0.889253241941333,0.393398961052299,0.985712355002761,0.639366967603564,0.0225355792790651,0.393001301214099,0.0906462091952562,0.29851352237165,0.242623249068856,0.561092587187886,0.934977391734719,0.128968996927142,0.704355103895068,0.316548949107528,0.276627024635673,0.0309996772557497,0.148086855188012,0.914514297619462,0.0505031701177359,0.52300770021975,64.3,86.81,81251904,0.0995620421699295
0.609324781224132,0.00898713432252407,0.0247763972729445,0.986902194097638,0.86277268268168,0.790950519964099,0.502647401764989,0.20001575909555,0.20170090533793,0.631717698648572,0.108973296359181,0.389796314761043,0.463474886491895,0.927708702161908,0.138176614418626,0.103980520740151,0.65215958468616,0.957432413473725,0.331344528123736,0.605548052117229,0.452122753486037,0.264279207214713,0.418131215497851,0.7593859937042,0.690357675775886,0.385305343195796,0.24307500384748,0.631598925217986,0.333676924929023,0.306441022083163,0.256356773898005,0.411052441224456,0.349251886829734,0.136844953522086,0.451753241941333,0.580898961052299,0.173212355002761,0.326866967603564,0.835035579279065,0.830501301214099,0.278146209195256,0.86101352237165,0.305123249068856,0.123592587187886,0.747477391734719,0.941468996927142,0.266855103895068,0.504048949107528,0.0891270246356726,0.0934996772557497,0.585586855188012,0.602014297619462,0.613003170117736,0.46050770021975,68.55,89.56,80773888,0.098976305137233
0.109324781224132,0.508987134322524,0.524776397272944,0.486902194097638,0.36277268268168,0.290950519964099,0.0026474017649889,0.70001575909555,0.70170090533793,0.131717698648572,0.608973296359181,0.889796314761043,0.963474886491895,0.427708702161908,0.638176614418626,0.603980520740151,0.15215958468616,0.457432413473725,0.831344528123736,0.105548052117229,0.952122753486037,0.764279207214713,0.918131215497851,0.2593859937042,0.190357675775886,0.885305343195796,0.74307500384748,0.131598925217986,0.833676924929023,0.806441022083163,0.756356773898005,0.911052441224456,0.849251886829734,0.636844953522086,0.951753241941333,0.0808989610522985,0.673212355002761,0.826866967603564,0.335035579279065,0.330501301214099,0.778146209195256,0.36101352237165,0.805123249068856,0.623592587187886,0.247477391734719,0.441468996927142,0.766855103895068,0.00404894910752773,0.589127024635673,0.59349967725575,0.0855868551880121,0.102014297619462,0.113003170117736,0.96050770021975,54.66,79.24,81200320,0.0994988337018141
0.359324781224132,0.258987134322524,0.774776397272944,0.736902194097638,0.11277268268168,0.540950519964099,0.252647401764989,0.45001575909555,0.45170090533793,0.381717698648572,0.358973296359181,0.639796314761043,0.213474886491895,0.177708702161908,0.388176614418626,0.853980520740151,0.40215958468616,0.707432413473725,0.581344528123736,0.855548052117229,0.702122753486037,0.0142792072147131,0.668131215497851,0.5093859937042,0.940357675775886,0.635305343195796,0.99307500384748,0.381598925217986,0.0836769249290228,0.556441022083163,0.00635677389800549,0.661052441224456,0.0992518868297338,0.386844953522086,0.701753241941333,0.830898961052299,0.923212355002761,0.576866967603564,0.0850355792790651,0.580501301214099,0.528146209195256,0.61101352237165,0.555123249068856,0.873592587187886,0.497477391734719,0.691468996927142,0.0168551038950682,0.254048949107528,0.339127024635673,0.34349967725575,0.335586855188012,0.352014297619462,0.863003170117736,0.21050770021975,66.46,88.87,80756288,0.0989547389725534
0.859324781224132,0.758987134322524,0.274776397272944,0.236902194097638,0.61277268268168,0.0409505199640989,0.752647401764989,0.95001575909555,0.95170090533793,0.881717698648572,0.858973296359181,0.139796314761043,0.713474886491895,0.677708702161908,0.888176614418626,0.353980520740151,0.90215958468616,0.207432413473725,0.0813445281237364,0.355548052117229,0.202122753486037,0.514279207214713,0.168131215497851,0.00938599370419979,0.440357675775886,0.135305343195796,0.49307500384748,0.881598925217986,0.583676924929023,0.0564410220831633,0.506356773898005,0.161052441224456,0.599251886829734,0.886844953522086,0.201753241941333,0.330898961052299,0.423212355002761,0.0768669676035643,0.585035579279065,0.0805013012140989,0.0281462091952562,0.11101352237165,0.0551232490688562,0.373592587187886,0.997477391734719,0.191468996927142,0.516855103895068,0.754048949107528,0.839127024635673,0.84349967725575,0.835586855188012,0.852014297619462,0.363003170117736,0.71050770021975,57.91,82.33,81037248,0.099299013383256
0.734324781224132,0.633987134322524,0.899776397272944,0.111902194097638,0.48777268268168,0.915950519964099,0.877647401764989,0.32501575909555,0.82670090533793,0.00671769864857197,0.733973296359181,0.514796314761043,0.588474886491895,0.802708702161908,0.263176614418626,0.478980520740151,0.27715958468616,0.332432413473725,0.456344528123736,0.730548052117229,0.827122753486037,0.139279207214713,0.543131215497851,0.8843859937042,0.315357675775886,0.760305343195796,0.11807500384748,0.756598925217986,0.708676924929023,0.681441022083163,0.381356773898005,0.286052441224456,0.474251886829734,0.511844953522086,0.576753241941333,0.455898961052299,0.548212355002761,0.451866967603564,0.710035579279065,0.705501301214099,0.653146209195256,0.48601352237165,0.930123249068856,0.748592587187886,0.872477391734719,0.566468996927142,0.141855103895068,0.629048949107528,0.214127024635673,0.71849967725575,0.710586855188012,0.727014297619462,0.238003170117736,0.0855077002197504,64.85,88.27,81491904,0.0998561262337415
0.234324781224132,0.133987134322524,0.399776397272944,0.611902194097638,0.98777268268168,0.415950519964099,0.377647401764989,0.82501575909555,0.32670090533793,0.506717698648572,0.233973296359181,0.0147963147610426,0.0884748864918947,0.302708702161908,0.763176614418626,0.978980520740151,0.77715958468616,0.832432413473725,0.956344528123736,0.230548052117229,0.327122753486037,0.639279207214713,0.0431312154978514,0.3843859937042,0.815357675775886,0.260305343195796,0.61807500384748,0.256598925217986,0.208676924929023,0.181441022083163,0.881356773898005,0.786052441224456,0.974251886829734,0.0118449535220861,0.0767532419413328,0.955898961052299,0.0482123550027609,0.951866967603564,0.210035579279065,0.205501301214099,0.153146209195256,0.98601352237165,0.430123249068856,0.248592587187886,0.372477391734719,0.0664689969271421,0.641855103895068,0.129048949107528,0.714127024635673,0.21849967725575,0.210586855188012,0.227014297619462,0.738003170117736,0.58550770021975,61.18,84.63,81475968,0.0998365990519044
0.484324781224132,0.883987134322524,0.149776397272944,0.361902194097638,0.73777268268168,0.665950519964099,0.127647401764989,0.0750157590955496,0.57670090533793,0.756717698648572,0.983973296359181,0.264796314761043,0.838474886491895,0.0527087021619081,0.0131766144186258,0.728980520740151,0.52715958468616,0.0824324134737253,0.706344528123736,0.980548052117229,0.0771227534860373,0.389279207214713,0.293131215497851,0.6343859937042,0.0653576757758856,0.010305343195796,0.86807500384748,0.00659892521798611,0.958676924929023,0.431441022083163,0.131356773898005,0.536052441224456,0.224251886829734,0.761844953522086,0.326753241941333,0.205898961052299,0.298212355002761,0.701866967603564,0.460035579279065,0.955501301214099,0.403146209195256,0.23601352237165,0.180123249068856,0.498592587187886,0.122477391734719,0.816468996927142,0.391855103895068,0.379048949107528,0.464127024635673,0.96849967725575,0.460586855188012,0.477014297619462,0.488003170117736,0.33550770021975,70.77,90.91,81412864,0.099759274548726
0.984324781224132,0.383987134322524,0.649776397272944,0.861902194097638,0.23777268268168,0.165950519964099,0.627647401764989,0.57501575909555,0.0767009053379297,0.256717698648572,0.483973296359181,0.764796314761043,0.338474886491895,0.552708702161908,0.513176614418626,0.228980520740151,0.0271595846861601,0.582432413473725,0.206344528123736,0.480548052117229,0.577122753486037,0.889279207214713,0.793131215497851,0.1343859937042,0.565357675775886,0.510305343195796,0.36807500384748,0.506598925217986,0.458676924929023,0.931441022083163,0.631356773898005,0.0360524412244558,0.724251886829734,0.261844953522086,0.826753241941333,0.705898961052299,0.798212355002761,0.201866967603564,0.960035579279065,0.455501301214099,0.903146209195256,0.73601352237165,0.680123249068856,0.998592587187886,0.622477391734719,0.316468996927142,0.891855103895068,0.879048949107528,0.964127024635673,0.46849967725575,0.960586855188012,0.977014297619462,0.988003170117736,0.83550770021975,63.53,86.09,80590784,0.0987519386021486
0.531199781224132,0.712112134322524,0.165401397272944,0.221277194097638,0.34714768268168,0.494075519964099,0.705772401764989,0.0593907590955496,0.46732590533793,0.116092698648572,0.249598296359181,0.467921314761043,0.354099886491895,0.318333702161908,0.435051614418626,0.557105520740151,0.66778458468616,0.316807413473725,0.565719528123736,0.121173052117229,0.780247753486037,0.998654207214713,0.308756215497851,0.9625109937042,0.674732675775886,0.900930343195796,0.82120000384748,0.240973925217986,0.255551924929023,0.759566022083163,0.615731773898005,0.457927441224456,0.771126886829734,0.0899699535220861,0.873628241941333,0.815273961052299,0.657587355002761,0.404991967603564,0.381910579279065,0.908626301214099,0.825021209195256,0.34538852237165,0.633248249068856,0.170467587187886,0.575602391734719,0.769593996927142,0.532480103895068,0.269673949107528,0.198502024635673,0.67162467725575,0.538711855188012,0.023889297619462,0.503628170117736,0.10113270021975,60.83,84.55,81056512,0.099322618530778
0.0311997812241316,0.212112134322524,0.665401397272944,0.721277194097638,0.84714768268168,0.994075519964099,0.205772401764989,0.55939075909555,0.96732590533793,0.616092698648572,0.749598296359181,0.967921314761043,0.854099886491895,0.818333702161908,0.935051614418626,0.0571055207401514,0.16778458468616,0.816807413473725,0.0657195281237364,0.621173052117229,0.280247753486037,0.498654207214713,0.808756215497851,0.4625109937042,0.174732675775886,0.400930343195796,0.32120000384748,0.740973925217986,0.755551924929023,0.259566022083163,0.115731773898005,0.957927441224456,0.271126886829734,0.589969953522086,0.373628241941333,0.315273961052299,0.157587355002761,0.904991967603564,0.881910579279065,0.408626301214099,0.325021209195256,0.84538852237165,0.133248249068856,0.670467587187886,0.0756023917347193,0.269593996927142,0.0324801038950682,0.769673949107528,0.698502024635673,0.17162467725575,0.0387118551880121,0.523889297619462,0.00362817011773586,0.60113270021975,62.54,85.59,81515712,0.0998852993728716
0.281199781224132,0.962112134322524,0.915401397272944,0.471277194097638,0.59714768268168,0.244075519964099,0.455772401764989,0.30939075909555,0.21732590533793,0.866092698648572,0.499598296359181,0.717921314761043,0.104099886491895,0.568333702161908,0.185051614418626,0.307105520740151,0.41778458468616,0.0668074134737253,0.315719528123736,0.371173052117229,0.0302477534860373,0.748654207214713,0.558756215497851,0.7125109937042,0.924732675775886,0.150930343195796,0.0712000038474798,0.990973925217986,0.00555192492902279,0.00956602208316326,0.865731773898005,0.707927441224456,0.521126886829734,0.339969953522086,0.123628241941333,0.565273961052299,0.407587355002761,0.654991967603564,0.631910579279065,0.658626301214099,0.0750212091952562,0.0953885223716497,0.383248249068856,0.920467587187886,0.325602391734719,0.519593996927142,0.782480103895068,0.519673949107528,0.448502024635673,0.92162467725575,0.288711855188012,0.773889297619462,0.753628170117736,0.35113270021975,57.2,82.03,80574848,0.0987324114203115
0.781199781224132,0.462112134322524,0.415401397272944,0.971277194097638,0.0971476826816797,0.744075519964099,0.955772401764989,0.80939075909555,0.71732590533793,0.366092698648572,0.999598296359181,0.217921314761043,0.604099886491895,0.0683337021619081,0.685051614418626,0.807105520740151,0.91778458468616,0.566807413473725,0.815719528123736,0.871173052117229,0.530247753486037,0.248654207214713,0.0587562154978514,0.2125109937042,0.424732675775886,0.650930343195796,0.57120000384748,0.490973925217986,0.505551924929023,0.509566022083163,0.365731773898005,0.207927441224456,0.0211268868297338,0.839969953522086,0.623628241941333,0.0652739610522985,0.907587355002761,0.154991967603564,0.131910579279065,0.158626301214099,0.575021209195256,0.59538852237165,0.883248249068856,0.420467587187886,0.825602391734719,0.0195939969271421,0.282480103895068,0.0196739491075277,0.948502024635673,0.42162467725575,0.788711855188012,0.273889297619462,0.253628170117736,0.85113270021975,69.05,89.19,80727168,0.0989190567728109
0.656199781224132,0.0871121343225241,0.790401397272944,0.846277194097638,0.97214768268168,0.369075519964099,0.830772401764989,0.43439075909555,0.59232590533793,0.741092698648572,0.624598296359181,0.592921314761043,0.729099886491895,0.443333702161908,0.0600516144186258,0.932105520740151,0.29278458468616,0.941807413473725,0.690719528123736,0.246173052117229,0.405247753486037,0.623654207214713,0.683756215497851,0.8375109937042,0.299732675775886,0.275930343195796,0.94620000384748,0.365973925217986,0.630551924929023,0.134566022083163,0.740731773898005,0.332927441224456,0.896126886829734,0.714969953522086,0.248628241941333,0.190273961052299,0.0325873550027609,0.279991967603564,0.00691057927906513,0.533626301214099,0.200021209195256,0.97038852237165,0.00824824906885624,0.545467587187886,0.950602391734719,0.644593996927142,0.907480103895068,0.394673949107528,0.0735020246356726,0.0466246772557497,0.663711855188012,0.148889297619462,0.128628170117736,0.47613270021975,66.62,88.95,80648128,0.0988222050877955
0.156199781224132,0.587112134322524,0.290401397272944,0.346277194097638,0.47214768268168,0.869075519964099,0.330772401764989,0.93439075909555,0.0923259053379297,0.241092698648572,0.124598296359181,0.0929213147610426,0.229099886491895,0.943333702161908,0.560051614418626,0.432105520740151,0.79278458468616,0.441807413473725,0.190719528123736,0.746173052117229,0.905247753486037,0.123654207214713,0.183756215497851,0.3375109937042,0.799732675775886,0.775930343195796,0.44620000384748,0.865973925217986,0.130551924929023,0.634566022083163,0.240731773898005,0.832927441224456,0.396126886829734,0.214969953522086,0.748628241941333,0.690273961052299,0.532587355002761,0.779991967603564,0.506910579279065,0.0336263012140989,0.700021209195256,0.47038852237165,0.508248249068856,0.0454675871878862,0.450602391734719,0.144593996927142,0.407480103895068,0.894673949107528,0.573502024635673,0.54662467725575,0.163711855188012,0.648889297619462,0.628628170117736,0.97613270021975,57.02,80.64,81491136,0.0998551851647373
0.406199781224132,0.337112134322524,0.0404013972729445,0.596277194097638,0.22214768268168,0.119075519964099,0.0807724017649889,0.18439075909555,0.84232590533793,0.491092698648572,0.874598296359181,0.342921314761043,0.979099886491895,0.693333702161908,0.310051614418626,0.182105520740151,0.54278458468616,0.691807413473725,0.440719528123736,0.496173052117229,0.655247753486037,0.873654207214713,0.433756215497851,0.5875109937042,0.0497326757758856,0.525930343195796,0.19620000384748,0.615973925217986,0.880551924929023,0.884566022083163,0.990731773898005,0.582927441224456,0.646126886829734,0.964969953522086,0.998628241941333,0.440273961052299,0.782587355002761,0.529991967603564,0.756910579279065,0.783626301214099,0.950021209195256,0.72038852237165,0.758248249068856,0.295467587187886,0.200602391734719,0.894593996927142,0.657480103895068,0.644673949107528,0.323502024635673,0.29662467725575,0.413711855188012,0.898889297619462,0.378628170117736,0.22613270021975,56.02,81.57,81436224,0.0997878987309371
0.906199781224132,0.837112134322524,0.540401397272944,0.0962771940976381,0.72214768268168,0.619075519964099,0.580772401764989,0.68439075909555,0.34232590533793,0.991092698648572,0.374598296359181,0.842921314761043,0.479099886491895,0.193333702161908,0.810051614418626,0.682105520740151,0.0427845846861601,0.191807413473725,0.940719528123736,0.996173052117229,0.155247753486037,0.373654207214713,0.933756215497851,0.0875109937041998,0.549732675775886,0.025930343195796,0.69620000384748,0.115973925217986,0.380551924929023,0.384566022083163,0.490731773898005,0.0829274412244558,0.146126886829734,0.464969953522086,0.498628241941333,0.940273961052299,0.282587355002761,0.0299919676035643,0.256910579279065,0.283626301214099,0.450021209195256,0.22038852237165,0.258248249068856,0.795467587187886,0.700602391734719,0.394593996927142,0.157480103895068,0.144673949107528,0.823502024635673,0.79662467725575,0.913711855188012,0.398889297619462,0.878628170117736,0.72613270021975,69.03,89.41,81465664,0.0998239730427647
0.0936997812241316,0.774612134322524,0.102901397272944,0.908777194097638,0.90964768268168,0.931575519964099,0.268272401764989,0.12189075909555,0.15482590533793,0.178592698648572,0.687098296359181,0.780421314761043,0.666599886491895,0.255833702161908,0.747551614418626,0.869605520740151,0.98028458468616,0.379307413473725,0.128219528123736,0.433673052117229,0.0927477534860373,0.311154207214713,0.246256215497851,0.0250109937041998,0.737232675775886,0.713430343195796,0.75870000384748,0.678473925217986,0.443051924929023,0.197066022083163,0.303231773898005,0.0204274412244558,0.333626886829734,0.402469953522086,0.936128241941333,0.00277396105229855,0.595087355002761,0.967491967603564,0.569410579279065,0.971126301214099,0.137521209195256,0.65788852237165,0.195748249068856,0.357967587187886,0.888102391734719,0.707093996927142,0.844980103895068,0.957173949107528,0.511002024635673,0.85912467725575,0.351211855188012,0.086389297619462,0.441128170117736,0.28863270021975,39.81,68.15,81200320,0.0994988337018141
0.593699781224132,0.274612134322524,0.602901397272944,0.408777194097638,0.40964768268168,0.431575519964099,0.768272401764989,0.62189075909555,0.65482590533793,0.678592698648572,0.187098296359181,0.280421314761043,0.166599886491895,0.755833702161908,0.247551614418626,0.369605520740151,0.48028458468616,0.879307413473725,0.628219528123736,0.933673052117229,0.592747753486037,0.811154207214713,0.746256215497851,0.5250109937042,0.237232675775886,0.213430343195796,0.25870000384748,0.178473925217986,0.943051924929023,0.697066022083163,0.803231773898005,0.520427441224456,0.833626886829734,0.902469953522086,0.436128241941333,0.502773961052299,0.0950873550027609,0.467491967603564,0.0694105792790651,0.471126301214099,0.637521209195256,0.15788852237165,0.695748249068856,0.857967587187886,0.388102391734719,0.207093996927142,0.344980103895068,0.457173949107528,0.0110020246356726,0.35912467725575,0.851211855188012,0.586389297619462,0.941128170117736,0.78863270021975,68.52,89.43,80945920,0.0991871045941734
0.843699781224132,0.524612134322524,0.852901397272944,0.658777194097638,0.15964768268168,0.681575519964099,0.518272401764989,0.37189075909555,0.40482590533793,0.928592698648572,0.937098296359181,0.0304213147610426,0.916599886491895,0.505833702161908,0.997551614418626,0.119605520740151,0.23028458468616,0.129307413473725,0.878219528123736,0.183673052117229,0.842747753486037,0.0611542072147131,0.996256215497851,0.2750109937042,0.987232675775886,0.463430343195796,0.00870000384747982,0.428473925217986,0.193051924929023,0.947066022083163,0.0532317738980055,0.770427441224456,0.0836268868297338,0.152469953522086,0.186128241941333,0.252773961052299,0.345087355002761,0.217491967603564,0.319410579279065,0.721126301214099,0.887521209195256,0.90788852237165,0.945748249068856,0.607967587187886,0.138102391734719,0.957093996927142,0.594980103895068,0.207173949107528,0.761002024635673,0.60912467725575,0.601211855188012,0.836389297619462,0.191128170117736,0.0386327002197504,52.22,78.13,81013888,0.099270389201045
0.343699781224132,0.0246121343225241,0.352901397272944,0.158777194097638,0.65964768268168,0.181575519964099,0.0182724017649889,0.87189075909555,0.90482590533793,0.428592698648572,0.437098296359181,0.530421314761043,0.416599886491895,0.00583370216190815,0.497551614418626,0.619605520740151,0.73028458468616,0.629307413473725,0.378219528123736,0.683673052117229,0.342747753486037,0.561154207214713,0.496256215497851,0.7750109937042,0.487232675775886,0.963430343195796,0.50870000384748,0.928473925217986,0.693051924929023,0.447066022083163,0.553231773898005,0.270427441224456,0.583626886829734,0.652469953522086,0.686128241941333,0.752773961052299,0.845087355002761,0.717491967603564,0.819410579279065,0.221126301214099,0.387521209195256,0.40788852237165,0.445748249068856,0.107967587187886,0.638102391734719,0.457093996927142,0.0949801038950682,0.707173949107528,0.261002024635673,0.10912467725575,0.101211855188012,0.336389297619462,0.691128170117736,0.53863270021975,64.45,86.86,79903104,0.097909289731306
0.218699781224132,0.399612134322524,0.977901397272944,0.0337771940976381,0.28464768268168,0.806575519964099,0.143272401764989,0.49689075909555,0.77982590533793,0.553592698648572,0.0620982963591814,0.155421314761043,0.291599886491895,0.380833702161908,0.872551614418626,0.744605520740151,0.10528458468616,0.754307413473725,0.00321952812373638,0.308673052117229,0.717747753486037,0.186154207214713,0.871256215497851,0.1500109937042,0.362232675775886,0.088430343195796,0.88370000384748,0.803473925217986,0.568051924929023,0.822066022083163,0.428231773898005,0.145427441224456,0.458626886829734,0.777469953522086,0.0611282419413328,0.877773961052299,0.220087355002761,0.842491967603564,0.944410579279065,0.596126301214099,0.762521209195256,0.0328885223716497,0.570748249068856,0.982967587187886,0.513102391734719,0.832093996927142,0.719980103895068,0.832173949107528,0.636002024635673,0.48412467725575,0.476211855188012,0.211389297619462,0.816128170117736,0.16363270021975,46.38,72.83,81482944,0.0998451470953591
0.718699781224132,0.899612134322524,0.477901397272944,0.533777194097638,0.78464768268168,0.306575519964099,0.643272401764989,0.99689075909555,0.27982590533793,0.053592698648572,0.562098296359181,0.655421314761043,0.791599886491895,0.880833702161908,0.372551614418626,0.244605520740151,0.60528458468616,0.254307413473725,0.503219528123736,0.808673052117229,0.217747753486037,0.686154207214713,0.371256215497851,0.6500109937042,0.862232675775886,0.588430343195796,0.38370000384748,0.303473925217986,0.0680519249290228,0.322066022083163,0.928231773898005,0.645427441224456,0.958626886829734,0.277469953522086,0.561128241941333,0.377773961052299,0.720087355002761,0.342491967603564,0.444410579279065,0.0961263012140989,0.262521209195256,0.53288852237165,0.0707482490688562,0.482967587187886,0.0131023917347193,0.332093996927142,0.219980103895068,0.332173949107528,0.136002024635673,0.98412467725575,0.976211855188012,0.711389297619462,0.316128170117736,0.66363270021975,74.19,92.57,81546368,0.0999228637106225
0.968699781224132,0.149612134322524,0.227901397272944,0.283777194097638,0.53464768268168,0.556575519964099,0.893272401764989,0.24689075909555,0.52982590533793,0.303592698648572,0.312098296359181,0.905421314761043,0.0415998864918947,0.630833702161908,0.622551614418626,0.494605520740151,0.85528458468616,0.504307413473725,0.753219528123736,0.0586730521172285,0.467747753486037,0.436154207214713,0.121256215497851,0.4000109937042,0.112232675775886,0.838430343195796,0.13370000384748,0.0534739252179861,0.818051924929023,0.0720660220831633,0.178231773898005,0.895427441224456,0.208626886829734,0.527469953522086,0.811128241941333,0.627773961052299,0.970087355002761,0.0924919676035643,0.194410579279065,0.846126301214099,0.0125212091952562,0.28288852237165,0.320748249068856,0.232967587187886,0.263102391734719,0.582093996927142,0.969980103895068,0.0821739491075277,0.886002024635673,0.23412467725575,0.726211855188012,0.961389297619462,0.566128170117736,0.41363270021975,52.54,79.07,81596736,0.0999845821528146
0.468699781224132,0.649612134322524,0.727901397272944,0.783777194097638,0.0346476826816797,0.0565755199640989,0.393272401764989,0.74689075909555,0.0298259053379297,0.803592698648572,0.812098296359181,0.405421314761043,0.541599886491895,0.130833702161908,0.122551614418626,0.994605520740151,0.35528458468616,0.00430741347372532,0.253219528123736,0.558673052117229,0.967747753486037,0.936154207214713,0.621256215497851,0.9000109937042,0.612232675775886,0.338430343195796,0.63370000384748,0.553473925217986,0.318051924929023,0.572066022083163,0.678231773898005,0.395427441224456,0.708626886829734,0.0274699535220861,0.311128241941333,0.127773961052299,0.470087355002761,0.592491967603564,0.694410579279065,0.346126301214099,0.512521209195256,0.78288852237165,0.820748249068856,0.732967587187886,0.763102391734719,0.0820939969271421,0.469980103895068,0.582173949107528,0.386002024635673,0.73412467725575,0.226211855188012,0.461389297619462,0.0661281701177359,0.91363270021975,69,89.24,81468992,0.0998280510084495
0.374949781224132,0.555862134322524,0.196651397272944,0.0650271940976381,0.81589768268168,0.400325519964099,0.987022401764989,0.59064075909555,0.99857590533793,0.709842698648572,0.0933482963591814,0.436671314761043,0.760349886491895,0.724583702161908,0.903801614418626,0.775855520740151,0.44903458468616,0.598057413473725,0.0344695281237364,0.152423052117229,0.373997753486037,0.279904207214713,0.590006215497851,0.8687609937042,0.518482675775886,0.682180343195796,0.66495000384748,0.334723925217986,0.411801924929023,0.915816022083163,0.146981773898005,0.426677441224456,0.614876886829734,0.183719953522086,0.779878241941333,0.971523961052299,0.626337355002761,0.998741967603564,0.163160579279065,0.939876301214099,0.481271209195256,0.25163852237165,0.789498249068856,0.139217587187886,0.731852391734719,0.988343996927142,0.626230103895068,0.675923949107528,0.354752024635673,0.70287467725575,0.819961855188012,0.617639297619462,0.0348781701177359,0.81988270021975,57.69,81.44,81315008,0.0996393666731078
0.874949781224132,0.0558621343225241,0.696651397272944,0.565027194097638,0.31589768268168,0.900325519964099,0.487022401764989,0.0906407590955496,0.49857590533793,0.209842698648572,0.593348296359181,0.936671314761043,0.260349886491895,0.224583702161908,0.403801614418626,0.275855520740151,0.94903458468616,0.0980574134737253,0.534469528123736,0.652423052117229,0.873997753486037,0.779904207214713,0.0900062154978514,0.3687609937042,0.0184826757758856,0.182180343195796,0.16495000384748,0.834723925217986,0.911801924929023,0.415816022083163,0.646981773898005,0.926677441224456,0.114876886829734,0.683719953522086,0.279878241941333,0.471523961052299,0.126337355002761,0.498741967603564,0.663160579279065,0.439876301214099,0.981271209195256,0.75163852237165,0.289498249068856,0.639217587187886,0.231852391734719,0.488343996927142,0.126230103895068,0.175923949107528,0.854752024635673,0.20287467725575,0.319961855188012,0.117639297619462,0.534878170117736,0.31988270021975,70.11,90.34,81482048,0.0998440491815209
0.624949781224132,0.805862134322524,0.946651397272944,0.315027194097638,0.0658976826816797,0.150325519964099,0.237022401764989,0.84064075909555,0.74857590533793,0.459842698648572,0.343348296359181,0.686671314761043,0.510349886491895,0.474583702161908,0.653801614418626,0.0258555207401514,0.69903458468616,0.848057413473725,0.784469528123736,0.402423052117229,0.623997753486037,0.0299042072147131,0.340006215497851,0.6187609937042,0.768482675775886,0.432180343195796,0.41495000384748,0.584723925217986,0.161801924929023,0.165816022083163,0.396981773898005,0.676677441224456,0.864876886829734,0.433719953522086,0.0298782419413328,0.721523961052299,0.376337355002761,0.248741967603564,0.913160579279065,0.689876301214099,0.731271209195256,0.00163852237164974,0.0394982490688562,0.889217587187886,0.481852391734719,0.738343996927142,0.876230103895068,0.425923949107528,0.104752024635673,0.95287467725575,0.0699618551880121,0.367639297619462,0.284878170117736,0.56988270021975,68.51,89.37,79766272,0.0977416226037246
0.124949781224132,0.305862134322524,0.446651397272944,0.815027194097638,0.56589768268168,0.650325519964099,0.737022401764989,0.34064075909555,0.24857590533793,0.959842698648572,0.843348296359181,0.186671314761043,0.0103498864918947,0.974583702161908,0.153801614418626,0.525855520740151,0.19903458468616,0.348057413473725,0.284469528123736,0.902423052117229,0.123997753486037,0.529904207214713,0.840006215497851,0.1187609937042,0.268482675775886,0.932180343195796,0.91495000384748,0.0847239252179861,0.661801924929023,0.665816022083163,0.896981773898005,0.176677441224456,0.364876886829734,0.933719953522086,0.529878241941333,0.221523961052299,0.876337355002761,0.748741967603564,0.413160579279065,0.189876301214099,0.231271209195256,0.50163852237165,0.539498249068856,0.389217587187886,0.981852391734719,0.238343996927142,0.376230103895068,0.925923949107528,0.604752024635673,0.45287467725575,0.569961855188012,0.867639297619462,0.784878170117736,0.0698827002197504,42.82,69.01,80065728,0.098108561092945
0.499949781224132,0.180862134322524,0.821651397272944,0.940027194097638,0.44089768268168,0.275325519964099,0.612022401764989,0.96564075909555,0.12357590533793,0.084842698648572,0.718348296359181,0.561671314761043,0.135349886491895,0.599583702161908,0.528801614418626,0.650855520740151,0.57403458468616,0.223057413473725,0.159469528123736,0.0274230521172285,0.998997753486037,0.154904207214713,0.465006215497851,0.9937609937042,0.393482675775886,0.057180343195796,0.53995000384748,0.209723925217986,0.536801924929023,0.0408160220831633,0.0219817738980055,0.301677441224456,0.739876886829734,0.558719953522086,0.154878241941333,0.0965239610522985,0.00133735500276089,0.873741967603564,0.288160579279065,0.564876301214099,0.606271209195256,0.87663852237165,0.414498249068856,0.514217587187886,0.856852391734719,0.613343996927142,0.751230103895068,0.550923949107528,0.479752024635673,0.0778746772557497,0.944961855188012,0.742639297619462,0.659878170117736,0.69488270021975,62.52,84.96,81488256,0.0998516561559715
0.999949781224132,0.680862134322524,0.321651397272944,0.440027194097638,0.94089768268168,0.775325519964099,0.112022401764989,0.46564075909555,0.62357590533793,0.584842698648572,0.218348296359181,0.0616713147610426,0.635349886491895,0.0995837021619081,0.0288016144186258,0.150855520740151,0.0740345846861601,0.723057413473725,0.659469528123736,0.527423052117229,0.498997753486037,0.654904207214713,0.965006215497851,0.4937609937042,0.893482675775886,0.557180343195796,0.0399500038474798,0.709723925217986,0.0368019249290228,0.540816022083163,0.521981773898005,0.801677441224456,0.239876886829734,0.0587199535220861,0.654878241941333,0.596523961052299,0.501337355002761,0.373741967603564,0.788160579279065,0.0648763012140989,0.106271209195256,0.37663852237165,0.914498249068856,0.0142175871878862,0.356852391734719,0.113343996927142,0.251230103895068,0.0509239491075277,0.979752024635673,0.57787467725575,0.444961855188012,0.242639297619462,0.159878170117736,0.19488270021975,51.06,77.8,80074240,0.0981189912744082
0.749949781224132,0.430862134322524,0.0716513972729445,0.690027194097638,0.69089768268168,0.0253255199640989,0.362022401764989,0.71564075909555,0.37357590533793,0.834842698648572,0.968348296359181,0.311671314761043,0.385349886491895,0.349583702161908,0.778801614418626,0.400855520740151,0.32403458468616,0.473057413473725,0.909469528123736,0.277423052117229,0.248997753486037,0.404904207214713,0.715006215497851,0.7437609937042,0.143482675775886,0.807180343195796,0.28995000384748,0.959723925217986,0.786801924929023,0.790816022083163,0.271981773898005,0.551677441224456,0.989876886829734,0.808719953522086,0.904878241941333,0.346523961052299,0.751337355002761,0.123741967603564,0.538160579279065,0.814876301214099,0.356271209195256,0.62663852237165,0.664498249068856,0.264217587187886,0.106852391734719,0.863343996927142,0.501230103895068,0.300923949107528,0.229752024635673,0.32787467725575,0.194961855188012,0.492639297619462,0.909878170117736,0.94488270021975,66.84,87.76,81180608,0.099474679597373
0.249949781224132,0.930862134322524,0.571651397272944,0.190027194097638,0.19089768268168,0.525325519964099,0.862022401764989,0.21564075909555,0.87357590533793,0.334842698648572,0.468348296359181,0.811671314761043,0.885349886491895,0.849583702161908,0.278801614418626,0.900855520740151,0.82403458468616,0.973057413473725,0.409469528123736,0.777423052117229,0.748997753486037,0.904904207214713,0.215006215497851,0.2437609937042,0.643482675775886,0.307180343195796,0.78995000384748,0.459723925217986,0.286801924929023,0.290816022083163,0.771981773898005,0.0516774412244558,0.489876886829734,0.308719953522086,0.404878241941333,0.846523961052299,0.251337355002761,0.623741967603564,0.0381605792790651,0.314876301214099,0.856271209195256,0.12663852237165,0.164498249068856,0.764217587187886,0.606852391734719,0.363343996927142,0.00123010389506817,0.800923949107528,0.729752024635673,0.82787467725575,0.694961855188012,0.992639297619462,0.409878170117736,0.44488270021975,55.75,80.24,81319104,0.0996443857077968
0.812449781224132,0.993362134322524,0.00915139727294445,0.752527194097638,0.37839768268168,0.962825519964099,0.0495224017649889,0.52814075909555,0.68607590533793,0.522342698648572,0.530848296359181,0.874171314761043,0.197849886491895,0.662083702161908,0.216301614418626,0.588355520740151,0.13653458468616,0.660557413473725,0.721969528123736,0.339923052117229,0.561497753486037,0.967404207214713,0.902506215497851,0.1812609937042,0.580982675775886,0.994680343195796,0.72745000384748,0.772223925217986,0.349301924929023,0.103316022083163,0.959481773898005,0.114177441224456,0.0523768868297338,0.371219953522086,0.967378241941333,0.159023961052299,0.563837355002761,0.436241967603564,0.850660579279065,0.877376301214099,0.543771209195256,0.68913852237165,0.351998249068856,0.326717587187886,0.794352391734719,0.550843996927142,0.938730103895068,0.113423949107528,0.917252024635673,0.76537467725575,0.00746185518801212,0.555139297619462,0.972378170117736,0.50738270021975,62.22,85.43,81127360,0.0994094321464153
0.312449781224132,0.493362134322524,0.509151397272944,0.252527194097638,0.87839768268168,0.462825519964099,0.549522401764989,0.0281407590955496,0.18607590533793,0.022342698648572,0.0308482963591814,0.374171314761043,0.697849886491895,0.162083702161908,0.716301614418626,0.0883555207401514,0.63653458468616,0.160557413473725,0.221969528123736,0.839923052117229,0.0614977534860373,0.467404207214713,0.402506215497851,0.6812609937042,0.0809826757758856,0.494680343195796,0.22745000384748,0.272223925217986,0.849301924929023,0.603316022083163,0.459481773898005,0.614177441224456,0.552376886829734,0.871219953522086,0.467378241941333,0.659023961052299,0.0638373550027609,0.936241967603564,0.350660579279065,0.377376301214099,0.0437712091952562,0.18913852237165,0.851998249068856,0.826717587187886,0.294352391734719,0.0508439969271421,0.438730103895068,0.613423949107528,0.417252024635673,0.26537467725575,0.507461855188012,0.055139297619462,0.472378170117736,0.0073827002197504,59.63,84.09,81075776,0.0993462236783
0.0624497812241316,0.743362134322524,0.759151397272944,0.502527194097638,0.62839768268168,0.712825519964099,0.799522401764989,0.77814075909555,0.93607590533793,0.272342698648572,0.780848296359181,0.124171314761043,0.447849886491895,0.412083702161908,0.466301614418626,0.338355520740151,0.88653458468616,0.910557413473725,0.471969528123736,0.0899230521172285,0.311497753486037,0.717404207214713,0.152506215497851,0.4312609937042,0.830982675775886,0.244680343195796,0.47745000384748,0.0222239252179861,0.0993019249290228,0.853316022083163,0.709481773898005,0.864177441224456,0.302376886829734,0.121219953522086,0.217378241941333,0.409023961052299,0.313837355002761,0.686241967603564,0.100660579279065,0.627376301214099,0.293771209195256,0.93913852237165,0.601998249068856,0.576717587187886,0.0443523917347193,0.800843996927142,0.688730103895068,0.863423949107528,0.667252024635673,0.51537467725575,0.757461855188012,0.305139297619462,0.722378170117736,0.75738270021975,59.86,82.71,81548480,0.0999254516503841
0.562449781224132,0.243362134322524,0.259151397272944,0.00252719409763813,0.12839768268168,0.212825519964099,0.299522401764989,0.27814075909555,0.43607590533793,0.772342698648572,0.280848296359181,0.624171314761043,0.947849886491895,0.912083702161908,0.966301614418626,0.838355520740151,0.38653458468616,0.410557413473725,0.971969528123736,0.589923052117229,0.811497753486037,0.217404207214713,0.652506215497851,0.9312609937042,0.330982675775886,0.744680343195796,0.97745000384748,0.522223925217986,0.599301924929023,0.353316022083163,0.209481773898005,0.364177441224456,0.802376886829734,0.621219953522086,0.717378241941333,0.909023961052299,0.813837355002761,0.186241967603564,0.600660579279065,0.127376301214099,0.793771209195256,0.43913852237165,0.101998249068856,0.0767175871878862,0.544352391734719,0.300843996927142,0.188730103895068,0.363423949107528,0.167252024635673,0.0153746772557497,0.257461855188012,0.805139297619462,0.222378170117736,0.25738270021975,63.72,87.23,81569728,0.0999514878928336
0.937449781224132,0.368362134322524,0.884151397272944,0.127527194097638,0.75339768268168,0.837825519964099,0.424522401764989,0.90314075909555,0.31107590533793,0.147342698648572,0.155848296359181,0.249171314761043,0.822849886491895,0.537083702161908,0.341301614418626,0.963355520740151,0.76153458468616,0.0355574134737253,0.596969528123736,0.464923052117229,0.186497753486037,0.592404207214713,0.0275062154978514,0.0562609937041998,0.455982675775886,0.369680343195796,0.60245000384748,0.647223925217986,0.724301924929023,0.978316022083163,0.834481773898005,0.239177441224456,0.177376886829734,0.996219953522086,0.0923782419413328,0.784023961052299,0.188837355002761,0.311241967603564,0.725660579279065,0.502376301214099,0.418771209195256,0.0641385223716497,0.976998249068856,0.951717587187886,0.669352391734719,0.925843996927142,0.563730103895068,0.238423949107528,0.792252024635673,0.39037467725575,0.132461855188012,0.680139297619462,0.347378170117736,0.88238270021975,63.54,86.13,79608960,0.097548860302698
0.437449781224132,0.868362134322524,0.384151397272944,0.627527194097638,0.25339768268168,0.337825519964099,0.924522401764989,0.40314075909555,0.81107590533793,0.647342698648572,0.655848296359181,0.749171314761043,0.322849886491895,0.0370837021619081,0.841301614418626,0.463355520740151,0.26153458468616,0.535557413473725,0.0969695281237364,0.964923052117229,0.686497753486037,0.0924042072147131,0.527506215497851,0.5562609937042,0.955982675775886,0.869680343195796,0.10245000384748,0.147223925217986,0.224301924929023,0.478316022083163,0.334481773898005,0.739177441224456,0.677376886829734,0.496219953522086,0.592378241941333,0.284023961052299,0.688837355002761,0.811241967603564,0.225660579279065,0.00237630121409893,0.918771209195256,0.56413852237165,0.476998249068856,0.451717587187886,0.169352391734719,0.425843996927142,0.0637301038950682,0.738423949107528,0.292252024635673,0.89037467725575,0.632461855188012,0.180139297619462,0.847378170117736,0.38238270021975,72.45,91.45,81519360,0.0998897694506416
0.187449781224132,0.118362134322524,0.134151397272944,0.377527194097638,0.00339768268167973,0.587825519964099,0.674522401764989,0.65314075909555,0.0610759053379297,0.897342698648572,0.405848296359181,0.999171314761043,0.572849886491895,0.287083702161908,0.0913016144186258,0.213355520740151,0.0115345846861601,0.285557413473725,0.346969528123736,0.214923052117229,0.936497753486037,0.842404207214713,0.777506215497851,0.3062609937042,0.205982675775886,0.619680343195796,0.35245000384748,0.397223925217986,0.974301924929023,0.228316022083163,0.584481773898005,0.989177441224456,0.427376886829734,0.746219953522086,0.842378241941333,0.534023961052299,0.938837355002761,0.561241967603564,0.475660579279065,0.752376301214099,0.668771209195256,0.31413852237165,0.226998249068856,0.201717587187886,0.419352391734719,0.675843996927142,0.813730103895068,0.988423949107528,0.542252024635673,0.14037467725575,0.882461855188012,0.430139297619462,0.0973781701177359,0.63238270021975,55.01,79.92,81478848,0.0998401280606701
0.687449781224132,0.618362134322524,0.634151397272944,0.877527194097638,0.50339768268168,0.0878255199640989,0.174522401764989,0.15314075909555,0.56107590533793,0.397342698648572,0.905848296359181,0.499171314761043,0.0728498864918947,0.787083702161908,0.591301614418626,0.713355520740151,0.51153458468616,0.785557413473725,0.846969528123736,0.714923052117229,0.436497753486037,0.342404207214713,0.277506215497851,0.8062609937042,0.705982675775886,0.119680343195796,0.85245000384748,0.897223925217986,0.474301924929023,0.728316022083163,0.0844817738980055,0.489177441224456,0.927376886829734,0.246219953522086,0.342378241941333,0.0340239610522985,0.438837355002761,0.0612419676035643,0.975660579279065,0.252376301214099,0.168771209195256,0.81413852237165,0.726998249068856,0.701717587187886,0.919352391734719,0.175843996927142,0.313730103895068,0.488423949107528,0.0422520246356726,0.64037467725575,0.382461855188012,0.930139297619462,0.597378170117736,0.13238270021975,61.29,84.22,81381312,0.0997206122971369
0.253856031224132,0.434768384322524,0.841182647272944,0.147058444097638,0.14011643268168,0.724544269964099,0.748741151764989,0.83673450909555,0.00248215533792973,0.604373948648572,0.636317046359181,0.268702564761043,0.576756136491895,0.650364952161908,0.407707864418626,0.490699270740151,0.15606583468616,0.930088663473725,0.194625778123736,0.968829302117229,0.416966503486037,0.674435457214713,0.531412465497851,0.3961047437042,0.584888925775886,0.725149093195796,0.77041875384748,0.791755175217986,0.376645674929023,0.380659772083163,0.939950523898005,0.977458691224456,0.235970636829734,0.664188703522086,0.760346991941333,0.381680211052299,0.442743605002761,0.494835717603564,0.815504329279065,0.240657551214099,0.110177459195256,0.77898227237165,0.637154499068856,0.0181238371878862,0.673258641734719,0.101625246927142,0.114511353895068,0.0782676991075277,0.264908274635673,0.55053092725575,0.831680605188012,0.832483047619462,0.796596920117736,0.40191395021975,64.42,86.78,81406336,0.0997512754621904
0.1,0.00788446748629212,0.292290579993278,0.142270490061492,0.925471091177315,0.672462970484048,0.9,0.598532217089087,0.273600363638252,0.186652212869376,0.966978903394192,0.1,0.921768307220191,0.640793695580214,0.81160277640447,0.9,0.494703345466405,0.0801392919383943,0.989063129294664,0.299912948627025,0.57121359789744,0.317987880203873,0.617746472824365,0.796058057341725,0.637721879873425,0.924497973639518,0.1,0.355328636709601,0.994182421360165,0.215867735911161,0.276596766430885,0.955273168627173,0.933731085155159,0.9,0.389170468319207,0.637453308794647,0.673025185707957,0.1,0.685402839910239,0.168190509546548,0.329498786013573,0.649321271572262,0.436217883136123,0.9,0.968882554676384,0.680316105950624,0.375230074394494,0.778905729297549,0.889279177878052,0.893513351213187,0.945461811032146,0.459561397787184,0.426606866065413,0.721202196087688,41.88,67.66,81605824,0.0999957181360309
0.49924073042348,0.163005317095667,0.0181511756964028,0.294278546702117,0.0766856907866895,0.9,0.549860003869981,0.9,0.9,0.434912710916251,0.901213522534817,0.634719234425575,0.228378414642066,0.9,0.812304680701345,0.155781829264015,0.98594480054453,0.475616586860269,0.542316303122789,0.5330367279239,0.166886205319315,0.452906093094498,0.89231312321499,0.9542306647636,0.1,0.114042651373893,0.32851846376434,0.988537865225226,0.60731108346954,0.9,0.0939490613527596,0.1,0.763839727733284,0.394813141319901,0.958597958553582,0.121126404497772,0.129110390786082,0.699641705024987,0.300728767644614,0.282784015405923,0.355103034060448,0.762449933681637,0.261565783526748,0.490029703360051,0.821452134754509,0.974291936028749,0.779923677910119,0.674993375781924,0.9,0.999989181291312,0.384213031735271,0.458981563802809,0.947206231299788,0.558146776165813,46.68,73.85,81377664,0.0997161422193669
0.233646248001605,0.323192084673792,0.323418509680778,0.0415624822489917,0.387507223989815,0.447243243921548,0.9,0.293478506151587,0.487101340200752,0.504157095681876,0.625304098706692,0.1,0.838638424407691,0.665329828392714,0.38496703421697,0.9,0.371290259528905,0.130310190375894,0.9,0.429917831439525,0.46391379320994,0.298578700516373,0.831247449386865,0.955359815154225,0.805812700185925,0.349913012702018,0.1,0.470685082022101,0.774822069797665,0.650560118723661,0.1,0.894115942064673,0.876968389842659,0.9,0.359507382381707,0.678835144732147,0.386282021645457,0.1,0.900368660222739,0.0323262517340481,0.1,0.484892560634762,0.1,0.9,0.967783921863884,0.786151066888124,0.762315035331994,0.169896940235049,0.9,0.579670577775687,0.736355365719646,0.510464718099684,0.402803155127913,0.9,27.94,52.08,79934656,0.0979479519828951
0.72775635542348,0.110270942095667,0.1,0.358731671702117,0.0942638157866895,0.937202960718423,0.9,0.996450918260962,0.747568869497627,0.616553335916251,0.942229147534817,0.617141109425575,0.925644039642066,0.673844232689589,0.700976555701345,0.325703704264015,0.9,0.458038461860269,0.911456928122789,0.7849898529239,0.0907143303193152,0.716577968094498,0.34739124821499,0.9249337897636,0.0660971240140498,0.190214526373893,0.1,0.724865990225226,0.9,0.9,0.1,0.255291479174048,0.9,0.342078766319901,0.788676083553582,0.1,0.158407265786082,0.576594830024987,0.482369392644614,0.1,0.00939990906044841,0.358153058681637,0.361175158526748,0.202920328360051,0.862467759754509,0.769213811028749,0.387345552910119,0.130071500781924,0.978298953268677,0.912098556291312,0.858822406735271,0.546872188802809,0.953065606299788,0.177287401165813,39.29,66.11,79725312,0.097691432256834
0.137332771439105,0.377757514361292,0.1,0.0243505681864917,0.416437888052315,0.731789142359048,0.508081439416856,0.706198232714087,0.242106223013252,0.131720572244376,0.913512106519192,0.35905395122245,0.888809322845191,0.607834711205214,0.74641722952947,0.9,0.527662329841405,0.1,0.717334613669664,0.250840683002025,0.12809836352244,0.764032802078873,0.467599988449365,0.9,0.365993364248425,0.667417895514518,0.181698395404965,0.820416527334601,0.955364061985165,0.418748595286161,0.1,0.954540746752173,0.792373663280159,0.9,0.227305233944207,0.493166199419647,0.659109170082957,0.125087261665612,0.9,0.119118243921548,0.1,0.786284162197262,0.1,0.9,0.559458726551384,0.642962590325624,0.686509371269494,0.513036588672549,0.607296756003052,0.842976241838187,0.566799701657146,0.649258663412184,0.600190850440413,0.723399461712688,42.77,68.99,81319104,0.0996443857077968
0.774173591751605,0.1,0.1,0.680722638498992,0.260065817739815,0.930153400171548,0.686914447229356,0.932638662401587,0.969034933950752,0.609137564431876,0.554503317456692,0.88090453715995,0.654556393157691,0.690232172142714,0.84151000296697,0.21465023746714,0.997755103278905,0.715759409125894,0.687427387107164,0.720445175189525,0.31694113695994,0.456293544266373,0.987985730636865,0.9,0.208644731435925,0.050596606452018,0.372738434467465,0.623517113272101,0.830974413547665,0.9,0.0477149304933846,0.258862035814673,0.9,0.828315338585526,0.435190976131707,0.192995300982147,0.1,0.9,0.180153816472739,0.0142598454840481,0.187286871951073,0.103544904384762,0.253234484698623,0.411935220938176,0.970225328113884,0.939959660638124,0.253037691581994,0.801244596485049,0.9,0.868244796525687,0.759304584469646,0.720913936849684,0.9,0.192027391400188,39.83,66.82,81594304,0.0999816021009679
0.954669807571918,0.89757868135348,0.65485466690734,0.1,0.588511252310127,0.473991901148111,0.381662372034043,0.574682729784399,0.66890981188044,0.446921377908438,0.726149435620755,0.1,0.622985958587378,0.710327997338027,0.349063103552908,0.0304003595374525,0.392759375739843,0.443985117133707,0.380649433005601,0.9,0.439301366452128,0.83713766047731,0.645624280441552,0.407554029021412,0.706340654287487,0.1,0.666332794819027,0.616452293936163,0.9,0.391145445872098,0.131134730298072,0.681667821947485,0.722198492381722,0.1,0.9,0.630785217974335,0.758215005043894,0.9,0.823815315496176,0.401878864038736,0.676590460818261,0.222090436611325,0.9,0.871117960195988,0.740962022449821,0.578677312005311,0.689759493339807,0.177022794727236,0.594769290182739,0.263554244767874,0.147869647946209,0.186169674154371,0.8652512752451,0.521327318158001,73.04,91.81,81600832,0.0999896011875036
0.921985481400043,0.9,0.449501883704215,0.229810162913054,0.997111105825752,0.9,0.362161639612168,0.572027700487524,0.165278220083565,0.873648672830313,0.61454665241763,0.118804317433387,0.547638058196753,0.543610468041152,0.244052117224783,0.1,0.278226905036718,0.419174326118082,0.905155048239976,0.9,0.1,0.691294154617935,0.803552747238427,0.297049878630787,0.129100664053112,0.1,0.944744660053402,0.667996483389288,0.913295580539852,0.1,0.288513880688697,0.95202304655686,0.184143072459847,0.0200115055777133,0.9,0.9,0.657781655434519,0.913554668892175,0.484429329168051,0.717827350366861,0.9,0.3510882393457,0.9,0.487054239492863,0.9,0.704196110833436,0.759980440605432,0.041433195117861,0.9,0.0979353482834995,0.161327899899334,0.195965816732496,0.508287163916975,0.673579515423626,58.08,82.58,80526464,0.098673124073047
0.960010383743793,0.9,0.114724051672965,0.156751080881804,0.602152609732002,0.1,0.9,0.344305532518774,0.214777731802315,0.9,0.9,0.683684688527137,0.1,0.822113886009902,0.9,0.397557341959327,0.486173682380468,0.776901376899332,0.473819599021226,0.870942611712962,0.000489110592752695,0.222605189774185,0.985986829269677,0.9,0.335582597646862,0.0849746582098305,0.964214874897152,0.1,0.895900561008602,0.1,0.528687220532447,0.49236728483811,0.899658209178597,0.0435100407339633,0.433466732967645,0.11525177070871,0.9,0.9,0.791008919011801,0.395500690210611,0.759995001833886,0.0104510323144495,0.777694323565811,0.635674844961613,0.902857774402946,0.907870427239686,0.9,0.1,0.598706057760864,0.1,0.243542255368084,0.1,0.345262261573225,0.901545824017376,63.34,85.78,80776320,0.0989792851890796
0.9,0.714747870806605,0.903054129797965,0.1,0.510599875357002,0.9,0.326456073205918,0.749090688768774,0.756525778677315,0.503226309549063,0.74693190632388,0.213469844777137,0.499115108978003,0.481537714134902,0.567965691443533,0.0286608575843275,0.138517432380468,0.1,0.262637958396226,0.9,0.0686043449677527,0.977488002274185,0.675195813644677,0.445548413787037,0.590709550771862,0.160414111334831,0.779400421772152,0.364956932608038,0.777980639133602,0.1,0.160523158032447,0.93792392546311,0.265625006053597,0.419730743858963,0.602412045467645,0.90699981758371,0.586919839028269,0.9,0.727044075261801,0.994133502710611,0.912338751833886,0.53291196981445,0.9,0.986749063711613,0.783717149402946,0.868807927239686,0.782502413261682,0.1,0.702709964010864,0.1,0.378307880368084,0.275616695638746,0.813523980323225,0.526545824017376,58.63,83.84,81181824,0.0994761696232963
0.9,0.9,0.836220633704215,0.452466412913054,0.9,0.789024860132486,0.373880389612168,0.630621450487524,0.0832469700835645,0.416617422830313,0.69657790241763,0.247710567433387,0.9,0.9,0.677645867224783,0.1,0.266508155036718,0.1,0.588748798239976,0.9,0.0468147941865027,0.843637904617935,0.791833997238427,0.613456128630787,0.398631914053112,0.1,0.956463410053402,0.398465233389288,0.9,0.118409850168973,0.253357630688697,0.89342929655686,0.711486822459847,0.289542755577713,0.9,0.9,0.739812905434519,0.526835918892175,0.871148079168051,0.401421100366861,0.998581427615136,0.4096819893457,0.727584460284561,0.9,0.697840684559196,0.669039860833436,0.701386690605432,0.053151945117861,0.858532717917114,0.250279098283499,0.219921649899334,0.512372066732496,0.965318413916975,0.638423265423626,70.61,90.92,81329280,0.0996568548721024
0.993610237259418,0.65722223604098,0.1,0.1,0.9,0.1,0.991159442346543,0.105810659471899,0.1,0.9,0.9,0.502318721730262,0.379699825774878,0.952393427025527,0.573062126990408,0.415043914224952,0.365049414802343,0.566421640571207,0.644931659568101,0.936036605853587,0.1,0.36460348078981,0.783929944504052,0.658408521208912,0.684490068349987,0.0332473632879555,0.9,0.432004051748663,0.794917894992977,0.274568297434598,0.799957972485572,0.350002782884985,0.9,0.112815460655838,0.58681756304577,0.1,0.9,0.8380236630328,0.924767463933676,0.452538043726236,0.687210578005761,0.155562116298825,0.755447009112686,0.864648233633488,0.538935655262321,0.810732976067811,0.981873751152307,0.076314786914736,0.288250735495239,0.341801315080374,0.512249530758709,0.093030025716871,0.1922776424326,0.784632982220501,75.43,93.45,81592640,0.0999795631181255
0.693904731888324,0.409213508013636,0.582840811926872,0.604955121409148,0.897433066274971,0.403976947534829,0.758195880334824,0.633192556444556,0.294680380728096,0.244185477029532,0.9,0.0527719077654183,0.701408504974097,0.0359429265372455,0.969187920447439,0.965588652994484,0.357610755134374,0.487983835395426,0.23043428407982,0.342568893451244,0.601891393307596,0.493105372879654,0.1,0.879073499236256,0.128726823721081,0.0791686889715493,0.1,0.534031944815069,0.0525701777078211,0.062616087961942,0.806587916333228,0.011799352709204,0.080543524120003,0.75796469161287,0.9,0.549768677446991,0.631925637368113,0.9,0.261689155828208,0.988678485620767,0.760979193728417,0.492514325771481,0.151862719561905,0.97067392943427,0.00891398778185248,0.402232304681093,0.0148251061327755,0.901014188770205,0.284580996725708,0.623043685685843,0.38878303905949,0.965931942220777,0.9,0.407855333294719,67.42,88.83,81106880,0.09938433697297
0.988948677200824,0.168612922076136,0.336624991614372,0.253758832346648,0.9,0.509079486597329,0.998308185022324,0.9,0.0926540135405958,0.394209891092032,0.819647665601224,0.776282649952918,0.940300106536597,0.501397028099746,0.790599053259939,0.988659942056984,0.284734778571874,0.9,0.0462301825173199,0.722573776263744,0.648888463620096,0.974428615067154,0.219499707687646,0.560347913298756,0.351749284658581,0.0128845092840493,0.1,0.985570030752569,0.188434435520321,0.399896361399442,0.9,0.9,0.229835516307503,0.9,0.815234005916864,0.9,0.1,0.713336468208581,0.215424507390708,0.836945087183267,0.950554389040917,0.776816083583981,0.529670336749405,0.77206553099677,0.0322294174693525,0.760020390618593,0.0298397545702755,0.758069852832705,0.1,0.909054427873343,0.56444221874699,0.278309871908277,0.820260735694319,0.378924669232219,69.78,90.25,80990528,0.0992417650188339
0.9,0.599826300982386,0.388810050208122,0.353185101877898,0.887484335806221,0.256577045191079,0.9,0.766432302538306,0.1,0.752547293435782,0.836676474194974,0.451270442921668,0.658867001067847,0.328362360130996,0.9,0.831372344400734,0.330328040290624,0.977424753364176,0.0548361395485699,0.741067428607494,0.245507115963846,0.9,0.1,0.653914807830006,0.016483171377331,0.384771716315299,0.286381317768246,0.9,0.1,0.589776732493192,0.985115748364478,0.9,0.043983465526253,0.9,0.838854611385614,0.9,0.1,0.690448284614831,0.0383615191094577,0.378998309839517,0.741631049197167,0.9,0.869330981280655,0.82315195677802,0.1,0.846263066399843,0.1,0.813550809863955,0.1,0.787289291154593,0.16618782421574,0.1,0.490487786475569,0.568072618450969,70.75,90.97,81159680,0.0994490354670086
0.9,0.539584601763636,0.526688468176872,0.558080121409148,0.952852988149971,0.347580463159829,0.9,0.9,0.395510458853096,0.409224539529532,0.357855673413724,0.344519954640418,0.603752254974097,0.174370660912246,0.883250420447439,0.978039824869484,0.383245520759374,0.763374460395426,0.1,0.434365768451244,0.663903112057596,0.849550685379654,0.0338307623751462,0.1,0.1,0.0381530639715493,0.588688446674496,0.339207726065069,0.1,0.414911009836942,0.9,0.9,0.115943914745003,0.9,0.812670529354364,0.9,0.1,0.406085491646081,0.606903999578208,0.597076923120767,0.885735053103417,0.580893232021481,0.9,0.74899424193427,0.1,0.865122929681093,0.0126278405077755,0.868299345020205,0.1,0.633297591935843,0.72374397655949,0.1,0.986154290381819,0.515521348919719,71.85,91.25,80863552,0.0990861749434731
0.9,0.318026984576136,0.745804679114372,0.439793988596648,0.954928183462471,0.1,0.812761310022324,0.607924001757056,0.1,0.191084891092032,0.904608603101224,0.732093196827918,0.898796200286597,0.134453668724746,0.9,0.806286895181984,0.284002356696874,0.642891061957926,0.81893526064232,0.425698776263744,0.315880651120096,0.9,0.1,0.889693616423756,0.285098894033581,0.1,0.1,0.786351280752569,0.325397326145321,0.479730345774442,0.429756861645728,0.1,0.1,0.32400473067537,0.619921505916864,0.500330200884491,0.9,0.9,0.101654976140708,0.784698993433267,0.780388373415917,0.571249677333981,0.303840258624405,0.9,0.490481370594352,0.1,0.158013582695276,0.534437040332705,0.1,0.699581771623343,0.23241096874699,0.791249325033277,0.9,0.310809434857219,68.6,89.71,81495552,0.0998605963115114
0.9,0.899936164263636,0.865555655676872,0.413060590159148,0.9,0.0538792912848294,0.753801349084824,0.658094900194556,0.140871786978096,0.1,0.888129110913724,0.508338314015418,0.764396786224097,0.107720270287246,0.9,0.955334746744484,0.285833411384374,0.794136179145426,0.51900850282982,0.370400924701244,0.117028112057596,0.9,0.284074903000146,0.555343030486256,0.786441667471081,0.162664782721549,0.1,0.295262413565069,0.109699083957821,0.207635619211942,0.588326197583228,0.206623571459204,0.105445867870003,0.78579672286287,0.9,0.536585083696991,0.393156106118113,0.9,0.444794624578208,0.790924579370767,0.516350287478417,0.452963544521481,0.1,0.77877939818427,0.0484647690318525,0.1,0.356133699882776,0.9,0.259678652975708,0.231930404435843,0.76231819530949,0.428334285970777,0.540841790381819,0.418109239544719,76.07,93.68,81040896,0.0993034834610259
